logAge,Mstar,logMstar,logMacc,logMacc_deterministic,c_value,is_synthetic
6.047476129207194,1.0554782138504764,0.023449273454032398,-8.623909657884736,-8.08248577089995,-6.164335631404802,True
7.643478628755468,0.6246861661646785,-0.20433811151014453,-8.359125872757645,-8.99752229418794,-4.98451532298972,True
7.037623218817592,0.9947280651185868,-0.002295628761609195,-7.904343871366278,-8.51881322731374,-5.008442388472556,True
6.668284001225791,1.9542200037543989,0.29097345448924394,-9.057803865371188,-8.033656717289423,-6.647058892501782,True
5.442171634025549,1.056402531130859,0.023829433101762706,-7.325580451783974,-7.833202230160511,-5.11528996604348,True
5.442104821331281,0.7545604687902185,-0.12230595110425387,-8.61189400178828,-7.999264731689211,-6.235541014519086,True
5.170891605705912,1.3157243750935756,0.11916492049905869,-7.843823068196109,-7.6133207567286565,-5.853414055887469,True
7.40930792379657,0.5913482327786277,-0.22815669672335195,-8.57419585773636,-8.928321522193608,-5.268786079962769,True
6.675088582528689,0.2887402540116262,-0.5394926658024958,-9.516943027659389,-8.980319325909965,-6.159535446169439,True
6.971361040495046,0.3863964511863216,-0.4129668709658492,-8.467000795394542,-8.958319498389077,-5.131593041425481,True
5.067019049199373,0.384860438790403,-0.41469672932644064,-7.656292031001027,-8.177376618642075,-5.101827156778968,True
7.696650290488725,0.42880476478598173,-0.3677403975019414,-9.194963440551765,-9.205096755235267,-5.612778429736514,True
7.315866115017169,0.4047196554079869,-0.39284570337235303,-10.42498774551742,-9.0770829919189,-6.970816498018536,True
5.598179336578825,1.3294912813402866,0.12368549362078726,-8.088097263102165,-7.78384851047146,-5.927160497050722,True
5.513655159163669,0.48402311868163206,-0.31513389439675055,-8.08684196558689,-8.247838684411962,-5.461915025594945,True
5.518030492294011,0.7857191384566398,-0.10473266823109886,-6.885179854167536,-8.010506238391951,-4.497585360195602,True
5.85275101299792,1.8008842514528987,0.2554858002316752,-7.556471819234308,-7.7387100090289325,-5.440673554625392,True
6.4635753156212985,1.0220373434335965,0.009466764439450614,-8.618021608877068,-8.269443367007842,-5.971489986289243,True
6.206487701638661,1.3786413556635289,0.13945130206116998,-7.8306271004360255,-8.016016317910692,-5.43752252694535,True
5.816704718348576,0.4664132060094184,-0.33122916147412146,-8.336374806567804,-8.390720815304142,-5.568565735683678,True
6.704832518380991,0.5031963758230311,-0.2982624954755997,-8.300663146736575,-8.718377770824798,-5.205197120331792,True
5.396397994006156,0.22427999493598727,-0.6492094623794679,-9.252038483155324,-8.579325299214778,-6.295624928360562,True
5.819240676442554,0.46017838944825884,-0.33707378019962736,-8.014284309553885,-8.398406086247373,-5.238789967726528,True
6.024822305923526,0.6621634073348259,-0.17903482302772733,-8.247211905798743,-8.303305400878779,-5.566818249339979,True
6.27331385628119,0.47505331527533146,-0.32325764673195123,-7.602319781925323,-8.569380959362507,-4.655850566982833,True
7.184937413058648,0.31239007076545544,-0.5053027785088946,-9.37157699201546,-9.151068801710586,-5.8434199347248885,True
5.563096376578656,0.371211278026643,-0.43037883765163315,-8.215746923093374,-8.399146331799333,-5.439512335714056,True
6.434429394405704,0.9977544928375268,-0.0009763079336631467,-7.462197784093918,-8.26933001861754,-4.815779509896395,True
6.650988355747858,0.5290667124256787,-0.2764895623474013,-9.357543072868085,-8.671495478376134,-6.308959338911967,True
5.138667643234394,0.819985086551458,-0.08619404625933957,-7.004229020602807,-7.833473361696406,-4.793667403326417,True
6.692899239766985,1.0762946148681565,0.03193116733228597,-8.07302031495179,-8.338190635038604,-5.357741424333203,True
5.482351822613797,1.4207072755532488,0.15250460452288261,-8.511164153277553,-7.703475433466483,-6.4306004642310866,True
5.190192912569224,0.22141296536656047,-0.6547969515589774,-8.783266233422937,-8.500901166630854,-5.9052768112121,True
7.638412938191733,1.6215139555795575,0.2099206907858107,-8.22794717880431,-8.524614427930523,-5.326244495293804,True
7.68480073161653,1.3055925189060573,0.11580765289329824,-9.46035285113264,-8.65064932037004,-6.432615275182617,True
7.2492606542825975,0.29960014046209615,-0.5234579873614263,-9.085852846168162,-9.19814751067738,-5.510617079910797,True
5.853780140610237,1.7581318261020136,0.2450514356992128,-7.965600400364272,-7.7509922643619635,-5.837519880422325,True
5.280551755797683,1.8452469620908805,0.2660544990022336,-7.324794479906192,-7.491456851813236,-5.456249372512972,True
6.905325483438675,0.26150560574629056,-0.5825189969741954,-10.037404135444769,-9.12387533846558,-6.536440541399204,True
6.229222407658695,0.659008630731845,-0.1811088976143813,-7.776017864942774,-8.389695213857907,-5.009234395504883,True
5.348045910520037,1.634022758141205,0.2132581009517912,-6.53191254981941,-7.579210575675431,-4.5756137185639965,True
6.381640041008218,1.5272943506770216,0.18392274534415867,-7.028177063053958,-8.03748061012595,-4.613608197348025,True
5.105256203489155,0.4888877208624651,-0.3107908705468485,-7.7104862118072885,-8.075002534032016,-5.258395422195288,True
7.528817513758227,0.5346214566965662,-0.2719536150932872,-9.636739431479104,-9.027231372719065,-6.232419803180054,True
5.7268205490320465,0.8314096158182296,-0.08018495688940676,-7.689132348928166,-8.06844388605854,-5.243600207289642,True
6.84518672766053,1.0414913407496997,0.017655663452985613,-9.481827667300525,-8.417023540914943,-6.687715870805597,True
5.873439680767668,1.2878252906605552,0.10985694963207429,-9.001709410055922,-7.912729758583854,-6.711891395892085,True
6.4505884186625355,0.8285389265701555,-0.0816870826610828,-8.615423848145657,-8.367705001339386,-5.870630591226288,True
6.524387473780885,1.0009889492315966,0.00042928295960837195,-8.320127630780933,-8.304715866649383,-5.638323508551566,True
5.52204684180571,1.5258414690358053,0.18350941389444542,-7.283883193314429,-7.684556290296172,-5.222238647438274,True
7.695749418907827,0.21657046351407955,-0.664400773968952,-9.283725480366888,-9.541895332684863,-5.3647418921020416,True
7.157117920710288,0.6139888544225294,-0.2118395124202764,-8.879725697083494,-8.806096441945067,-5.696540999558444,True
7.612412068132804,1.4629899383270015,0.1652413392872464,-8.89051049824093,-8.564705261981256,-5.94871698067969,True
7.488671760684587,1.7979709954320677,0.25478268148764105,-6.917151609295633,-8.412065326232316,-4.1279980274833346,True
6.666182941306706,1.0915098502980722,0.03802765934043494,-8.421018813836337,-8.320278128792536,-5.723652429463817,True
7.563591631014034,1.1291530416993332,0.05275280876383653,-8.738608437711855,-8.67248299405181,-5.6890371880800625,True
5.255124230683817,0.34641084840016934,-0.4604085158274456,-8.836972033444182,-8.306663680666308,-6.15322009719789,True
5.552872528901032,0.9731335818626317,-0.011827540118220658,-7.473618718467374,-7.919239225636808,-5.177291237250582,True
5.13527959028219,1.1300810066487927,0.053109575766271296,-7.399680916580948,-7.6737551331847325,-5.348837527816232,True
5.911165016214242,0.5956306706752222,-0.22502294731668013,-8.725438233620054,-8.308846601768824,-6.039503376271247,True
6.086636092439865,0.6449460342834885,-0.19047662333900972,-9.093730050615807,-8.341722313049903,-6.37491948198592,True
5.761636818013692,0.8439574308884208,-0.07367945858347402,-7.821436798371526,-8.075363659896952,-5.368984882894589,True
7.305602900350845,0.18597115016152027,-0.7305544229726587,-9.241499008631418,-9.456685980979447,-5.407724772071988,True
5.998206714941242,0.7422698256710916,-0.1294381937796548,-8.56239679038661,-8.235994276273287,-5.949314258533339,True
5.788188591834045,0.538487231989725,-0.26882458975160056,-7.4131290062794,-8.308071497295021,-4.727969253404394,True
6.513268150348348,0.7522501253572813,-0.1236377312157037,-8.999735916262852,-8.441152708413298,-6.181494952269571,True
5.400360103180092,0.3696018502738342,-0.43226586331311917,-8.42664463287112,-8.334387244559075,-5.71516913273206,True
7.23208563668869,1.7893512515535421,0.2526956014046857,-7.450498763409536,-8.308950263604029,-4.764460244225524,True
5.216505282992965,1.242397301045327,0.09426049927040993,-7.770043377759007,-7.660378438381027,-5.732576683797997,True
7.743676814383433,1.3999064731265314,0.14609902170547712,-8.44852009019441,-8.640426714326283,-5.431005120288144,True
7.149118010951741,1.6026534223440978,0.20483961528169176,-8.469744413174624,-8.329231448355332,-5.763424709239308,True
5.560442437849657,1.067130532400405,0.028217545979210112,-8.20168676996603,-7.8768381627930815,-5.947760351592964,True
5.025296264432378,0.3091071742490047,-0.5098909150253499,-7.107924021707497,-8.268416458384976,-4.462419307742536,True
7.268828156819891,1.1383502518507447,0.056275907966251,-8.67139660200495,-8.547296300506872,-5.747012045918095,True
6.9679948424579,1.2299613410197878,0.08989146132099682,-7.709516350454251,-8.385412650167549,-4.94701544470672,True
7.029349855473535,1.5220995124489531,0.18244304684630022,-8.705474776520859,-8.305447413092502,-6.022939107848373,True
7.14641886032007,0.9441168863908678,-0.02497423454507713,-9.02003532797136,-8.589316393542308,-6.0536306788490695,True
5.21510368530343,0.38400292118144597,-0.41566547186122654,-9.248569308101642,-8.23935787595115,-6.632123176570509,True
6.002950068067635,0.6717152212988091,-0.17281481032691212,-8.076227446082283,-8.287243987045986,-5.411895203456314,True
5.330957294884609,0.8177975924718606,-0.08735417230665839,-8.095595821439858,-7.913845605758758,-5.804661960101117,True
7.400796489675394,1.338779559925738,0.12670907306187704,-7.925996851348401,-8.521500118525783,-5.027408477242635,True
6.7365358113123355,1.200373638888654,0.07931644942283983,-8.338652692772815,-8.302274730638079,-5.659289706554753,True
5.926587528841838,0.8049301716368882,-0.09424179340622814,-7.1624788722557415,-8.166547931552673,-4.618842685123086,True
5.186056630292286,1.9661610883297165,0.29361909686676846,-7.9054864598239405,-7.42127971513297,-6.107118489110987,True
5.8714210311523845,1.2648372188062311,0.10203463656073467,-7.314571888007309,-7.920790294868925,-5.016693337558401,True
5.910757802014089,0.5859717533783804,-0.23212331853407553,-7.904946139841845,-8.31674910586702,-5.211108778394841,True
7.031009113996438,0.3364833181002875,-0.4730364620093348,-8.649522245173568,-9.05111389582974,-5.221320093763845,True
6.77603419565394,0.43056653771011255,-0.36595972521514464,-8.275531898038912,-8.824591243024347,-5.07385239943458,True
7.4675792969364245,0.6020541386505958,-0.22036445382517042,-8.559306710080573,-8.943421659774264,-5.238796794726325,True
6.318035342698599,0.44497509284590253,-0.351664297653488,-8.445826148122773,-8.620052299768563,-5.448685592774225,True
5.341276061249095,0.4926564615024745,-0.30745581678886474,-8.774797779112237,-8.168244055145513,-6.229465468386741,True
6.985688060607696,0.6741453035464351,-0.17124648665869335,-9.688147542531443,-8.689482622329589,-6.621576664621872,True
7.117374584668806,0.4683541657848094,-0.32942561257642333,-8.159718341168304,-8.923399567854455,-4.859230517733866,True
6.564737837267504,1.8008419125679904,0.2554755898251928,-7.8708276182287324,-8.031432092149497,-5.462307270499251,True
7.145579088474134,0.2967905631270194,-0.5275499121767643,-8.711254205166288,-9.16017284179202,-5.173993107794283,True
6.377813801929363,1.115149981458937,0.047333281500399324,-8.216228827479396,-8.191148141810507,-5.647992430088906,True
6.457969937388124,0.9049509576344004,-0.04337495604990929,-8.970572658499705,-8.327196080630479,-6.266288322289243,True
6.194288620853182,1.958541412414974,0.2919327589286435,-8.459907728556047,-7.8376984687331515,-6.245121004242911,True
5.080410981081143,0.3553756612867084,-0.449312319161083,-7.960598490589959,-8.222224581519132,-5.361285653490843,True
5.3088592527714535,0.8818500158110358,-0.05460527296860034,-7.962591851004843,-7.867539990241767,-5.717963605183094,True
5.0970588443522535,1.93476453821333,0.2866281187208587,-7.847202365416379,-7.392636725035272,-6.0774773848011225,True
6.772856839200672,1.7432641264257942,0.24136319316788604,-8.144438877291986,-8.133032949659857,-5.634317672052147,True
5.880766067581424,1.654046755408195,0.21854778171518763,-8.6152036953173,-7.792209351501455,-6.445906088235861,True
6.418740814526227,0.62405701033612,-0.20477573380568503,-8.382489411474523,-8.494508120158045,-5.510893035736496,True
7.523959132775278,0.463774939234152,-0.3336927228096628,-9.42877581355762,-9.095403503415143,-5.9562840545624915,True
5.700539474742383,1.3806408124043286,0.14008070719513555,-7.356419573370749,-7.807296631015863,-5.172034686774903,True
6.146760696808695,1.8609105722508414,0.26972550321611316,-8.11125287254112,-7.843398517573863,-5.890766099387274,True
7.102876653764245,1.1745572506753121,0.0698741901612254,-8.52450403479654,-8.463615569733484,-5.6838002094830715,True
5.643770918411795,1.2019105756887913,0.07987215657718469,-9.080866882843171,-7.852388010485358,-6.851390616777829,True
5.2232343502257566,0.6647214933547383,-0.17736027835772766,-8.760983012611748,-7.97185509818798,-6.412039658843785,True
5.812611524571137,1.566405983846341,0.1949043335158059,-7.938745535803209,-7.791061732094207,-5.77059554812902,True
5.456582965693592,0.49353458804105194,-0.3066824055698472,-8.242001578938906,-8.214769760081197,-5.650143563277727,True
7.5852624969889275,0.7452171561171994,-0.12771715549175708,-8.749336623880641,-8.886505162486475,-5.48574320581418,True
7.2484934513934345,0.9326539221917192,-0.030279479045226522,-8.934238716395514,-8.637310746289103,-5.919839714526428,True
6.7645284055338735,1.084018319473781,0.035036621666525915,-8.08802843074296,-8.36410916242349,-5.346831012739486,True
7.423945834819978,0.5955187300888671,-0.22510457465757786,-8.345783296026232,-8.930870543290363,-5.037824497155886,True
7.2361716530105475,0.3605294346517621,-0.44305927245636906,-8.683664493907983,-9.101389340305264,-5.205186898022736,True
5.52679906311432,1.2737621197092717,0.10508832929932517,-8.725709946029806,-7.775639388774969,-6.5729823016748545,True
7.482388425817239,0.6806574818670121,-0.16707137730381566,-8.915399801031537,-8.888939784074012,-5.649371761377543,True
6.503978010106352,1.2196408055078216,0.0862319461216959,-8.877583801112731,-8.198806273716302,-6.301689271816445,True
7.246609229804454,0.43333612486173867,-0.3631751047017236,-9.393665319065907,-9.014888173519662,-6.001688889966261,True
7.492172900788077,1.03526006965772,0.01504946344441235,-7.486294523380931,-8.685973165763404,-4.423233102037543,True
5.890869625672063,1.1300297365987706,0.053089872041680045,-8.56317066999861,-7.984414063478992,-6.201668350939635,True
5.314843830941665,0.24445895855694794,-0.6117940427504908,-8.504781115090612,-8.503272485043613,-5.6244203744670145,True
5.641380400241179,0.7690250830429384,-0.11405949472460036,-7.9090776796561695,-8.071817976723207,-5.4601714473529785,True
6.19308857449473,0.3965918383267223,-0.4016562276146802,-8.337793769002705,-8.625502714569173,-5.335202798853549,True
7.275900901605306,0.2657366992954335,-0.5755484636519189,-9.187063870331395,-9.268303150361444,-5.5416724643899675,True
7.394223715620072,1.9725067481017748,0.2950184976398108,-9.591486765511176,-8.32750608948783,-6.886892420443363,True
5.029257401571398,0.7427757851092363,-0.12914226293556463,-8.080736581809893,-7.837305596959396,-5.866342729270513,True
6.424770028139857,1.6407887300121737,0.2150526643579127,-7.995791202395257,-8.019831450331333,-5.59887149648394,True
6.166228478722118,0.618048089007027,-0.20897773206673367,-9.128413331388794,-8.395471571831976,-6.355853503976835,True
5.625238635003923,1.4043280155894162,0.1474685598751094,-7.97560501450984,-7.767942459375524,-5.830574299554333,True
5.342027067514302,1.549339718860044,0.1901466545894404,-8.596673981420611,-7.603003404492742,-6.616582321347885,True
5.94519402478805,1.2461665617903686,0.0955760937131901,-8.724252821533204,-7.958460135925575,-6.388704430027645,True
7.621859879837679,1.0176433413881616,0.007595595282401842,-8.889216481984073,-8.747761478808549,-5.764366747595541,True
5.905272121697492,0.9076109661730316,-0.04210026540977301,-8.701352467075427,-8.09852340586417,-6.225740805631273,True
6.447050022229124,0.7916153495336886,-0.10148579335251491,-8.296666303695677,-8.388752500811067,-5.530825547304626,True
6.957362516139643,1.861192683981721,0.2697913367300172,-7.908987588238119,-8.176576555900265,-5.35532277675787,True
6.017253998590644,1.6790009498113245,0.22505094181863272,-7.384216009026401,-7.840930815930912,-5.1661969375155055,True
7.7018363691370615,1.9265795695852972,0.28478695049835845,-8.920888763128438,-8.46559978701402,-6.0782007205344355,True
7.675979006989648,0.37795548910530624,-0.4225593429516055,-9.780814490618035,-9.258902818873647,-6.144823416164403,True
5.707436959436259,1.495257890383855,0.1747161028354417,-8.45062555174729,-7.770767498801207,-6.302769797366101,True
6.3873783613219075,1.8774231217069146,0.2735621621864313,-7.749078590456728,-7.937960180312123,-5.4340301545646215,True
5.843432918192452,0.48283131109809857,-0.31620457412522407,-8.090636949149399,-8.384633080801047,-5.328915612768369,True
5.799008169425585,0.2714861281619205,-0.5662523561916791,-9.65630536795798,-8.650560736395963,-6.628656375982033,True
5.112176844172056,1.5141442370106961,0.18016724792108005,-6.695035662259634,-7.519849960234304,-4.798097446445346,True
6.698493205124314,1.2071794761513808,0.08177184317743004,-9.16403490398509,-8.283844062531564,-6.503102585873543,True
6.402420894343946,1.699648607410968,0.23035914276844402,-7.937112677611279,-7.993246766000949,-5.566777656030347,True
5.15259614096247,0.4064607211296803,-0.39098141666486685,-7.887536211821304,-8.18560528103794,-5.324842675203381,True
5.781850705935414,1.613882389251317,0.20787188257920572,-7.151462208594038,-7.763677161066533,-5.010696791947521,True
7.525896504127632,0.5203975266686689,-0.28366477620864816,-8.733302600764558,-9.039340797594607,-5.316873547589968,True
5.673586437147513,0.450454250048727,-0.34634931114515455,-7.890137700732836,-8.349067123300133,-5.163982321852719,True
5.411358795692688,0.45157760307658923,-0.3452676059442725,-8.464114869451237,-8.240031253708706,-5.846995360162547,True
6.365784145968849,1.6494466353956516,0.21733826936417588,-7.508066642531734,-7.992983601208137,-5.137994785743613,True
7.740251757886364,1.3742932818394835,0.13807942347517393,-9.40829699116471,-8.648133275840786,-6.3830754597439405,True
5.6804931020868565,1.112486514300934,0.0462947551134752,-7.227623337744388,-7.905647504301879,-4.944887577862526,True
6.871815466314284,0.8099657542777925,-0.09153334290232797,-8.487339232210529,-8.552069704794093,-5.558181271836451,True
7.119686334460548,1.7648033966608272,0.2466963309696617,-7.779610033983808,-8.269559368869528,-5.132962409534296,True
5.668255996858947,0.8718838902625585,-0.05954134669099688,-8.085757053369083,-8.020904487722031,-5.687764310067067,True
7.027159285654851,1.6531761682281259,0.2183191359747685,-8.064548429422835,-8.263771911150478,-5.423688262692373,True
6.028759277632331,0.9578865037927331,-0.018685945719527437,-8.086828568164762,-8.122679664740781,-5.587060647843997,True
6.761487150744215,0.8433316414517222,-0.07400160481924149,-8.152457145636564,-8.486786094316123,-5.288582795740457,True
6.764877298807678,1.0012561673171825,0.0005452041720158942,-9.158145603229503,-8.403453771663704,-6.377603575985814,True
6.494095874887081,0.7041380469586638,-0.15234218864896515,-9.305915517514444,-8.465894655637268,-6.462932606297192,True
5.260102663050711,1.5260964792775358,0.183581990429713,-7.946842819665506,-7.576783881068363,-5.99297068301716,True
7.323787912782189,1.075010960506598,0.0314128922174549,-9.137474862391715,-8.598149262406316,-6.162237344405415,True
5.898560779971708,0.576735787480841,-0.2390230990083386,-7.705262205925025,-8.31957662861127,-5.008597321733772,True
5.526656273807596,1.8060163643668194,0.2567216811502507,-8.022677668151921,-7.603242008580489,-6.042347403991448,True
5.122947142106696,0.8561276321931697,-0.06746148552701704,-6.736635726801156,-7.805719917308645,-4.5538275539125275,True
6.64677345263143,1.1502243719675875,0.06078256557338904,-8.514301646827086,-8.286436484615209,-5.8507769066318955,True
6.8868532823031225,1.8187216287646255,0.25976623158520057,-8.65012770471162,-8.158982972088344,-6.1140564770432935,True
5.055948286130161,1.2988463899517861,0.11355779161109822,-7.1364790745235,-7.572438283166994,-5.1869525357765225,True
6.428497771489008,0.3643261944588472,-0.4385096025709797,-8.54280584092809,-8.764169285394416,-5.40154829995369,True
5.637393297298288,1.880170771932716,0.2741972971039998,-7.631354267690899,-7.628906086211865,-5.625359925899049,True
6.797128629434177,1.3052382352221135,0.11568978738273897,-8.210481704613695,-8.28584545146025,-5.547547997573459,True
5.492995008343826,0.7658961448147719,-0.11583011651850153,-7.698610280102968,-8.012826494095462,-5.3086955304275225,True
6.923897534543831,0.4055391612319825,-0.3919672014139695,-9.317645622016945,-8.914939259323718,-6.025618107113242,True
6.081256909252488,1.611594399446171,0.20725574947468603,-6.436012431073609,-7.887468655025569,-4.171455520468056,True
7.604742068800755,1.2911740179149203,0.11098477822859192,-7.564174894702098,-8.623217208155198,-4.563869430966916,True
5.390933015284401,1.1316353332557048,0.05370649905220073,-7.569125862125258,-7.778180382279217,-5.413857224266057,True
5.954753792409216,1.7955501383972807,0.2541975367387562,-8.23857404433903,-7.782109344496119,-6.079376444262929,True
5.3243216538364315,1.6015960639072246,0.2045529928116463,-7.32583452333506,-7.579350889392338,-5.369395378362738,True
7.571401322631619,0.4283851318049594,-0.368165610872668,-9.944192827897158,-9.154087946974915,-6.4130166253422605,True
7.440230008865317,0.7231920515870209,-0.14074635572249727,-9.85463876474188,-8.841688040182222,-6.635862468979675,True
5.724498308770981,0.6067169984946194,-0.21701383718221423,-8.575128054721285,-8.2230018469091,-5.975037952232202,True
6.838155807514676,1.5193490719261624,0.18165756490614435,-8.278526977570849,-8.227736869318202,-5.673701852672664,True
7.273705494557368,0.21076674858529865,-0.6761979041093403,-8.77646511633494,-9.38179356214901,-5.017583298605947,True
6.547906248130511,1.1987368012249788,0.07872383837541107,-7.898299008357432,-8.22539928513433,-5.295811467643119,True
6.477132102046138,1.5534489000688174,0.19129697192434472,-7.715578590513271,-8.068357932032654,-5.270132402900632,True
5.679930845794251,1.764002303399935,0.24649914788946775,-7.779564952043865,-7.677874324159669,-5.724602372304213,True
5.2678946668223405,0.7791145837228906,-0.10839866630807617,-8.126369432337933,-7.911837525567642,-5.837443651190307,True
7.495287649530715,1.661755955909005,0.22056724400629882,-8.631820267452413,-8.453672744392186,-5.801059267480243,True
7.504158018342426,0.3527836629701833,-0.4524915347822256,-8.00647098813165,-9.222283538149252,-4.407099194402414,True
6.763691036646952,1.708165121979025,0.23252985001702287,-9.086285940758135,-8.139304248777849,-6.569893436400301,True
5.949112521204901,0.38383411944788964,-0.4158564229581941,-7.939147123430148,-8.541339021298343,-5.020719846551821,True
5.9773105216770706,0.880803191583212,-0.055121120370925154,-8.035484887852743,-8.14293851132442,-5.51545812094834,True
7.020897230470563,1.6176180645633589,0.20887598820759512,-8.355552197691555,-8.271930065182975,-5.706533876928597,True
7.494995420068639,0.42514790452058665,-0.3714599571434442,-8.802427664145608,-9.12642030279184,-5.298919105773784,True
7.467229395214375,0.5712810730505786,-0.24315016418705562,-8.987266720192606,-8.969174876630845,-5.641003587981777,True
7.170255262025618,1.4793892320726607,0.17008245330840366,-7.758855115805655,-8.377424553673698,-5.0043423065519725,True
6.788427659847377,1.475307301419219,0.16888249177867387,-7.525922971174992,-8.221812232885256,-4.927022482709752,True
5.243067703036285,1.3299939411864095,0.12384966253452734,-7.744574403669657,-7.637669200172113,-5.72981694791756,True
5.45771153804208,1.4272530359123765,0.15450097546823907,-8.011690560439403,-7.691076400486658,-5.943525904372763,True
7.498995102220009,1.1486984264451514,0.06020602614556386,-8.511007514872905,-8.637455265341679,-5.496463993951242,True
6.689808495257064,0.6128138694499595,-0.21267141413684013,-7.8812002102630085,-8.61492270155642,-4.889189253126606,True
5.035475832978064,0.7857720226081903,-0.10470343829232955,-8.247368837735754,-7.81208619253759,-6.05819438961818,True
5.291076173738909,0.4835029975677442,-0.31560082908233433,-7.987280271705696,-8.156863188795164,-5.453328827330548,True
6.847899900429315,1.8223659343366905,0.26063558850199475,-7.960105988995544,-8.141980475838938,-5.441037257576621,True
5.024020587254025,1.2236076875980917,0.0876421968766671,-7.251932459471314,-7.588766570335377,-5.286077633555954,True
5.455438302426471,0.8873683120356193,-0.051896084019046475,-8.530455955995818,-7.924722126159205,-6.228645574256628,True
6.529992596545443,1.0000146924289113,6.380793927358119e-06,-7.9986917030521525,-8.307500881432992,-5.314102566039177,True
6.926549697608761,1.8938959117723464,0.2773561065652976,-7.432756952431744,-8.155311128070537,-4.9003575687812235,True
6.815932688822204,0.43147328787045613,-0.36504608590370796,-9.336107734904672,-8.839955829473968,-6.119063649850721,True
5.631225987205751,1.2288353522026738,0.08949369702800823,-8.222914792372443,-7.836295217052289,-6.009531319740169,True
6.982736443132675,1.080846948448974,0.03376420075258578,-7.425849733317931,-8.455264545661407,-4.5934969320765395,True
5.667179972366136,1.275298703199124,0.10561191807010616,-8.326243261581192,-7.832757399526607,-6.116397606474601,True
5.9113571639011715,0.18235896246065095,-0.7390728874006297,-8.321853061110025,-8.893168347706755,-5.051596457823285,True
7.077781192176927,1.7554522407781796,0.2443890184503909,-8.265432368107023,-8.25495379055182,-5.633390321975218,True
6.809483130360785,1.8659618766018544,0.2709027664466117,-8.48435735446372,-8.114517509739848,-5.992751589143888,True
7.362348847068873,1.1899753258820482,0.07553795639726368,-7.952200657441967,-8.563852069198958,-5.011260332663026,True
6.8315877116719514,1.432230818774583,0.15601301464925602,-8.328630421982975,-8.254182886239338,-5.697359280163654,True
6.584214831239256,1.848243860433459,0.2667592722160727,-8.006505171967213,-8.026614977992004,-5.602801938395226,True
5.269479106883816,1.451733565556976,0.16188691827462792,-7.800443790995436,-7.605296208657613,-5.81805932675784,True
6.028572774474631,0.42997692038190155,-0.36655485516410774,-8.390687650145539,-8.517972919332744,-5.495626475232813,True
5.74461055847838,1.2105231610941118,0.08297310326898624,-8.420848144809241,-7.890320607845322,-6.153439281383937,True
5.685851312160062,1.266569116984367,0.10262889432860431,-7.9934972487433,-7.843823871754357,-5.77258512140896,True
7.705239236664275,0.9302486988044112,-0.031400928780181955,-7.8129038946279366,-8.826361664743215,-4.609453974304737,True
6.098880697326926,1.5055302830575432,0.17768949557279964,-8.279688769589312,-7.928317593647269,-5.974282920362059,True
7.480968957840604,1.8701040414627195,0.2718657687697732,-8.171023971940675,-8.389482807343509,-5.4044529090171824,True
6.758253994012418,1.8538972010670887,0.2680856487690646,-8.341999044234528,-8.096658089560876,-5.868252699093669,True
7.211627310810366,0.979446124286758,-0.009019447947421967,-8.19182695584039,-8.597991359526283,-5.2167473407341225,True
6.402304747901383,0.3575844839271098,-0.44662133409041577,-9.370118539919858,-8.762620243637794,-6.230410040702079,True
6.608023760415015,1.9630774885482536,0.2929374428423491,-6.989975104902582,-8.00665048957072,-4.606236359751878,True
6.374274011878253,1.6942502758671707,0.2289775650262907,-8.046087640616397,-7.983245311025779,-5.685754074010635,True
5.550823076200583,0.3786286622199127,-0.42178651300089637,-8.773573204609043,-8.384334964441383,-6.012149984587679,True
7.01119235927437,1.8451907480926006,0.26604126836067954,-8.987997290789702,-8.2029690992572,-6.40793993595252,True
5.78773944396117,1.7513490994302559,0.24337272337908034,-8.242768604937087,-7.725749694607438,-6.139930654749667,True
5.0773552270151265,1.104699703119071,0.043244237294655236,-7.634312213975724,-7.661153831465592,-5.596070126930148,True
6.797958259662855,1.238129354250044,0.09276602021099523,-8.539946469857135,-8.312240503210237,-5.850617711066915,True
5.5005965819575255,0.8839629828930471,-0.053565921256032746,-7.431068154191591,-7.945185351275734,-5.108794547335872,True
7.615070278657573,0.24987094242866104,-0.6022842451805804,-9.53237875492973,-9.43812824443902,-5.717162254910726,True
7.652382158297167,0.7664333217270214,-0.1155256219780695,-9.267545319457959,-8.900242981419014,-5.990214082458962,True
7.544174360910643,1.6278560530930932,0.2116159987649105,-8.322638453110997,-8.483944468548714,-5.461605728982302,True
6.035339599707581,0.15753219029016302,-0.8026306886239624,-8.721905930732886,-9.01637626907128,-5.328441406081621,True
5.052814827784963,0.7633054768770395,-0.11730162145314295,-8.35639722629912,-7.8335330101649,-6.145775960554235,True
7.581442418367999,0.8824267359620657,-0.05432134201744523,-9.323133406505594,-8.801516749450293,-6.144528401475317,True
6.196070090838961,1.1388827024314965,0.05647899685347773,-9.075357617311461,-8.106035511436655,-6.592233850294823,True
7.687633848750965,1.8433740457475853,0.26561346843762257,-8.139285322749426,-8.481552472244593,-5.28064459492485,True
7.679227336537231,0.7869693241935143,-0.10404219596765896,-8.669324185179581,-8.898228040856848,-5.394007888742751,True
7.372836191644588,0.7880878004618765,-0.10342539528718236,-8.806009918880228,-8.771564154138964,-5.6573575091612796,True
5.825623431032752,1.5074773000508022,0.1782507811525529,-7.2676683281037935,-7.815338730824104,-5.075241341699707,True
6.076720708227333,0.9819854492739482,-0.00789494739314238,-7.663494924201308,-8.130132969763363,-5.156273698857961,True
7.367648580101694,0.562722086905779,-0.24970603840376143,-8.81897394511196,-8.935686497769394,-5.506199191762582,True
5.887873954282889,0.9823935908704731,-0.007714479528097823,-7.446964251523324,-8.052289591492492,-5.017586404450848,True
5.479494908320476,0.4084586349193795,-0.3888519184115548,-8.761961455408612,-8.317578914744885,-6.067294285083743,True
6.55233949700963,0.47390483238447995,-0.3243088627983537,-9.343730209942064,-8.685288133587319,-6.281353820774761,True
7.603148724425363,1.066993439359496,0.028161749078895154,-9.048827405262887,-8.716694555450884,-5.95504459423202,True
6.938002536789675,0.9206606802732702,-0.035900404372130774,-9.371165349890804,-8.51605085003499,-6.4780262442758305,True
6.589069441147541,1.8341461501024285,0.263433938560896,-7.99005416770525,-8.032390198065752,-5.580575714059516,True
5.2791788877450285,0.816529564681121,-0.08802808582576044,-7.066801652958555,-7.89332451483268,-4.796388882545891,True
6.7135700179567,1.2184437428620822,0.08580548204057148,-9.237276234099191,-8.285457982425132,-6.574729996094074,True
7.75244916478881,1.3136308197944129,0.11847332910973744,-9.305790746462431,-8.67543112682045,-6.253271364061996,True
5.398032722205171,0.1731199929181047,-0.7616527743393986,-8.77281020523655,-8.707794656289412,-5.687927293367156,True
6.445773137047551,1.3712358405783935,0.137112156068332,-7.302219214797249,-8.117049380125215,-4.808081579092052,True
7.4403234092404364,0.47694225420761177,-0.3215341999895021,-9.306204688692846,-9.047200613861722,-5.881915819251139,True
7.061929071179146,1.9192915249318823,0.2831409455814455,-8.194576038987801,-8.204393251612121,-5.613094531795697,True
6.940733602556892,0.4228367478703153,-0.37382727608603905,-9.839184725723978,-8.901243959959446,-6.5608525101845485,True
6.955880912644293,0.9127376382079917,-0.03965404026748292,-9.0925614311269,-8.527667158829283,-6.187806016717633,True
6.005790488878722,0.30621409219901086,-0.5139748266245674,-7.476991062349734,-8.676156680797419,-4.423746125972332,True
5.8232494086126465,1.9852423719125316,0.297813535964848,-6.696832736972994,-7.678473843756123,-4.641270637636888,True
7.251930400675483,1.0740432109884672,0.031021754283779217,-9.96563737811013,-8.569051905207225,-7.019497217322923,True
7.254014103261331,1.2456992034952383,0.09541318675900798,-7.59669622882589,-8.496724558700876,-4.722883414545032,True
7.411790322466887,0.27255487501951736,-0.5645460456115514,-9.118899825235456,-9.311664931193159,-5.430146638462314,True
7.539676330581425,1.5304271874589177,0.18481267216463126,-7.9081273946333575,-8.512558531967922,-5.0184806070854515,True
6.426418444844797,0.5356461055902265,-0.2711220482738429,-8.634614683276904,-8.573070343103831,-5.684456084593089,True
6.399200136283543,1.8032160015508396,0.25604775260309465,-7.941559168365203,-7.962726300848289,-5.6017446119369305,True
7.221277645737967,0.5268672208947636,-0.27829882026827685,-8.923143564829452,-8.908007883596554,-5.638047425652917,True
6.81040008825441,0.5002467846462326,-0.3008156941258065,-8.531228394810501,-8.764680315521597,-5.389459823708922,True
6.954448250003838,0.21632449196631431,-0.6648943075435221,-9.823332490800084,-9.237694129324437,-6.208550105895663,True
7.214345694338,1.018547314969458,0.007981208253083181,-9.598092610034628,-8.579786863101372,-6.641217491353272,True
7.475314796834659,1.1894373691816138,0.07534157883655973,-8.882108025816823,-8.610517578026352,-5.894502192210487,True
5.946246584478754,0.2700353175024399,-0.5685794314211942,-8.422560381699142,-8.713737908293758,-5.331734217825399,True
6.050364778812645,1.577521870835263,0.19797538903644196,-8.337321577031021,-7.8853159302411395,-6.074917391209898,True
5.270329973359207,0.9839580357565776,-0.007023423141809156,-7.554349355409418,-7.797620830669533,-5.379640269159901,True
6.611835990559402,1.1149268779724066,0.04724638529051582,-7.270060908423568,-8.287457598042954,-4.605515054800631,True
5.109560098416975,0.9608849820602032,-0.01732859427324567,-8.456205357190283,-7.743237796522827,-6.335879305087473,True
6.2997065102269145,0.8872055604896927,-0.0519757449445336,-8.029880603021255,-8.271906378576485,-5.380885968864786,True
6.513125638139988,1.1798574920020712,0.07182955461572986,-8.295514189381247,-8.218936044914358,-5.699489888886906,True
5.803719268395348,0.43495253632757835,-0.3615581323227848,-7.814854322543793,-8.419852615290594,-5.0179134516732145,True
6.64660813177616,0.48411161959050764,-0.3150544933486201,-9.214932745761631,-8.713525609353702,-6.124318880827945,True
5.094485692331166,1.7364091144506215,0.23965205679418,-7.172523203361882,-7.444969434768159,-5.35046551301374,True
5.113454482835324,1.8917446814621284,0.2768625216458707,-6.876341678343635,-7.410476340247301,-5.0887770825163505,True
7.2886035530272535,0.8366357630526475,-0.07746357489230571,-7.844179177330613,-8.707427743326189,-4.759663178424439,True
6.007728076709198,0.6477116907992484,-0.18861826412600222,-8.049071834532905,-8.307169705217092,-5.36481387373583,True
5.361957620045721,1.3352471600467397,0.12556166293599502,-7.688434695262369,-7.684601193218815,-5.62674524646357,True
6.456613830351808,0.9018883454886781,-0.044847225140576714,-8.16600945237403,-8.3283118662528,-5.460609330541246,True
7.1428821420831525,0.19576167096039418,-0.7082723366385847,-8.7575290712322,-9.364463901373483,-5.015976914278733,True
5.607824246166255,0.4366330876681394,-0.3598833569291856,-8.24109938856462,-8.337413215093031,-5.526597917891607,True
6.735406618018631,1.467820846654245,0.1666730514536854,-9.217558100299781,-8.202525473555685,-6.637944371164112,True
5.246412478032737,1.3627379023402602,0.1344123352822405,-6.824331518888089,-7.627039305665042,-4.820203957643064,True
5.153158367637043,0.19891082201873,-0.7013415878400605,-8.270892150850319,-8.53857584705349,-5.355228048216845,True
6.48185232944377,0.5578727253411817,-0.253464870931225,-8.32788686987292,-8.575791960911229,-5.375006653381707,True
6.507559286859995,0.5746397783401074,-0.24060431409822744,-8.997692917425358,-8.571743901335866,-6.048860760509508,True
6.775680827150032,1.3866264349996011,0.1419594754423151,-8.025545493949124,-8.247171099775642,-5.401286138593501,True
7.021272994411772,0.18530681439990587,-0.7321086098129913,-9.487313443638229,-9.341559295830304,-5.768665892227939,True
7.713110260111221,0.3407680115399381,-0.4675411799373826,-9.114910643982425,-9.325292183900967,-5.412530204501476,True
6.440151964794311,1.6224454300445263,0.2101700984899148,-8.7055575926295,-8.031704512261594,-6.296764824787922,True
5.904589430047251,0.47787927073561104,-0.32068180773070426,-8.194772470245017,-8.41486420695302,-5.4028200077120125,True
7.212665759509309,1.3513583320292177,0.13077052369893857,-6.6827266160512995,-8.439540184779025,-3.8660981756922905,True
5.760205335995946,0.587732685684988,-0.2308201561157871,-9.153272766513885,-8.253373195220291,-6.522811315713609,True
6.225950835354612,0.33217104900542715,-0.4786382219902705,-7.644641121611151,-8.726506755517235,-4.541046110513933,True
5.227324176318077,0.5969231787982843,-0.22408155692881895,-8.154119724231881,-8.026637503355651,-5.7503939652962455,True
5.080221559260817,1.4794156895707002,0.17009022019112024,-6.906505074977907,-7.518165604802074,-5.011251214595849,True
7.676536108657853,1.725192894819455,0.2368376608424175,-8.087323127013168,-8.509695097859122,-5.200539773574062,True
7.3256649338188105,1.6782649912002978,0.22486053523517238,-8.28769417816148,-8.379058287288677,-5.53154763529282,True
6.9378485508795436,0.8806120639286175,-0.0552153692265491,-8.192273603029392,-8.537939940354288,-5.27724540709512,True
6.1427996560275275,1.3796128228688525,0.13975722228226564,-7.3574507820181285,-7.989485333568474,-4.990877192869672,True
5.490025266596243,0.5265810752834597,-0.27853475299229813,-8.327873727527964,-8.196527310548046,-5.754258161399935,True
5.443330608198909,0.6889781219214772,-0.16179456862885183,-8.287222205699331,-8.044649408324986,-5.865484541794361,True
5.703172827915929,1.800050578123708,0.25528470815410004,-7.442906161007469,-7.67744430102003,-5.388373604407457,True
6.5313578612359535,0.17294954698953394,-0.7620805712050017,-8.703277510772432,-9.1742110405711,-5.151978214621349,True
6.9894307058791725,0.30650671743145413,-0.5135600030005597,-8.693757993322553,-9.080077245528477,-5.2365924922140925,True
6.838746733508116,0.5319264850950838,-0.27414838523067536,-8.294659585155172,-8.74602543366443,-5.171545895910758,True
5.785416894540262,0.1978723233651072,-0.7036149468263722,-8.888880580770877,-8.801092383933774,-5.7106999412571176,True
7.654976827437048,0.48320407465556314,-0.315869412149827,-8.637963441302169,-9.129010154639506,-5.131865031082679,True
7.053974459247279,1.2229625569464486,0.08741316058454865,-9.059045837688974,-8.423577112969022,-6.2583804691399685,True
6.54556072545658,0.925264024467443,-0.0337343234685573,-8.291757703157023,-8.352249167720688,-5.562420279856352,True
6.704466467069156,1.7933012922260072,0.2536532614297651,-9.458625283444473,-8.090948188109298,-6.9905888397551905,True
6.172292172924978,1.6547310414403682,0.218727413996531,-8.158106622625525,-7.911856770625894,-5.869161596419646,True
5.696214840918206,0.7786275644167167,-0.10867022576275963,-8.272953314390309,-8.088236226800344,-5.80762883200998,True
5.996044319863994,0.6268579672937997,-0.20283084993191441,-8.461028688837914,-8.318519599251971,-5.765420834005958,True
7.109233725986303,0.8483934182843378,-0.07140270933732522,-8.349966161762206,-8.626797140796912,-5.34608076538531,True
5.049869963504424,1.2363232857240174,0.09213204910853214,-7.747524799823702,-7.5942907744544925,-5.776145769789226,True
5.331521214204158,0.6427732292751073,-0.19194221937012176,-8.10275580456169,-8.032946843723302,-5.692720705258404,True
5.137427318400255,1.298682289736668,0.11350291805489304,-7.9926162966342424,-7.605998132605048,-6.009529908449211,True
5.122818782423547,0.9031362656595843,-0.044246718170109944,-7.954263105998875,-7.779282434524692,-5.797892415894199,True
7.37962581771049,1.1658709088915522,0.06665046580912995,-8.985886166948067,-8.581056005059061,-6.027741906309021,True
6.959132270482666,0.9523450688854789,-0.021205662582488845,-9.294234679612659,-8.508036371789698,-6.409110052242977,True
6.323461506571891,0.6914059318517181,-0.16026689878924755,-8.262773470330789,-8.404750642719494,-5.480934572031312,True
5.281000625003274,1.8960509916270727,0.2778500128989218,-7.242773561329557,-7.478235214892312,-5.387450090857261,True
6.371775974073626,1.5555618737722323,0.1918872902138839,-7.859737318674567,-8.024373223838795,-5.458275839255787,True
6.321516805062167,0.40708847314451996,-0.39031119464983666,-8.715010734286889,-8.665407668514648,-5.672514810192258,True
5.489769179650742,1.74871801212139,0.24271978337623784,-7.769655802904547,-7.603990904067755,-5.788576643256808,True
6.211769068389185,1.0468482691920018,0.019883739340819807,-7.561118311879904,-8.154081930493414,-5.029948125806506,True
6.113858114280724,1.7967652023537382,0.25449132809141767,-7.821284731605492,-7.847186059961144,-5.597010416064364,True
6.71590477160464,1.6223333822423054,0.21014010461665045,-8.173365756789599,-8.14510549743111,-5.651172003778505,True
6.769209412903374,0.9322432774934843,-0.03047073969957111,-9.495553582966933,-8.440485909252457,-6.677979418134492,True
5.135492107068563,0.19038846977117058,-0.7203593567203689,-8.774356491718981,-8.552927551334557,-5.84434068480444,True
6.047676942515325,0.6439036988640257,-0.19117908012355875,-8.49158612413468,-8.326503888146942,-5.787993980407755,True
6.743631966528435,1.146690225208485,0.05944611044455264,-8.466565504055822,-8.327775692942291,-5.761701555533548,True
6.403687436266843,1.3158668823616257,0.11921195677038725,-8.010565636638558,-8.120091644957759,-5.513385736100817,True
7.3824768600916535,0.6240291194873591,-0.2047951440714112,-8.845091014214999,-8.890739253040612,-5.577263505594402,True
6.834581359584478,0.4056938918278348,-0.39180153103226684,-8.729786187055655,-8.878031494807145,-5.474666436668528,True
5.46132836301556,1.686941496833678,0.2271000215085855,-7.219170247613736,-7.610050996049856,-5.232030995983896,True
5.205475430299191,1.9622688169173035,0.29275850238480383,-6.949040772721301,-7.430241237533435,-5.1417112796078825,True
6.789501400631495,1.1173213176674377,0.04817808486376702,-8.046954508310058,-8.359440094111127,-5.310426158618947,True
5.083436330200292,0.4652332477911113,-0.3323292560754659,-7.16976796916134,-8.090511417439034,-4.702168296142323,True
6.632598360127494,0.6505900983113526,-0.1866925507705268,-9.694139191740426,-8.561876353584966,-6.755174582575477,True
7.614437768747132,0.18287563006199303,-0.7378441645878879,-10.055733967770173,-9.591938647820669,-6.086707064369521,True
6.604063472716184,1.8331384020215797,0.2631952554505691,-9.353863574376227,-8.038825786753764,-6.937949532042479,True
6.085230695592066,0.3658974981543247,-0.436640560017317,-8.416029054325726,-8.620921812152211,-5.418018986593532,True
6.791908365085319,1.2109433495631998,0.08312382642333323,-7.633024748438712,-8.320712105731214,-4.935224387127514,True
6.279360506661501,0.6538097193616323,-0.18454862760124513,-8.79050727847036,-8.41421730071609,-5.999201722174286,True
6.521358506405139,1.1697958823879135,0.06811008833919006,-7.439450822851612,-8.226548078121809,-4.835814489149819,True
7.6178575203109755,1.3489163567154137,0.12998502087786262,-9.447418678384372,-8.60701450454106,-6.463315918263327,True
6.079504306708145,1.6773844030984453,0.22463260047959713,-7.0497971053698,-7.866998492820583,-4.805710356969232,True
7.672497861792243,0.5292279857048956,-0.27635719827922967,-9.29751483444489,-9.091305812078037,-5.829120766786871,True
7.517821278218297,0.169254320279571,-0.7714602369729128,-10.279783118779347,-9.59042418656674,-6.3122706766326235,True
5.552341443366351,0.40114333398215424,-0.39670042031009783,-8.375621783367942,-8.356447628198955,-5.642085899589003,True
5.202130803424208,1.806834338677527,0.25691833568416184,-7.8232474137843235,-7.4696002938338735,-5.976558864370467,True
5.289155063815472,1.7587055233662579,0.24519312752831715,-7.826399374767615,-7.518703788123833,-5.930607331063798,True
5.060474457054792,1.2494349357814472,0.09671364520291274,-7.866018998062558,-7.593443264112185,-5.89548747837039,True
5.271607001293922,1.2551520584903189,0.09869634267995131,-7.216533255785238,-7.677990185551863,-5.161454814653393,True
6.901928762363308,1.373997555831917,0.13798596016919729,-8.250367693318145,-8.30358997030306,-5.569689467435102,True
5.207192556234834,0.47203389846840643,-0.32602681198213246,-8.400631720948368,-8.134226774446004,-5.889316690922381,True
5.893562495913718,1.8333468047304715,0.26324462597382453,-7.595000423158406,-7.746670054643526,-5.471242112934896,True
7.35030461138539,0.9203753091377012,-0.03603504064342315,-8.37637924185681,-8.685708605098098,-5.313582381178728,True
5.074463261988237,0.8547411714622497,-0.0681653762933211,-8.114024691805875,-7.786587335782796,-5.950349100443095,True
7.266077696771353,1.1048464150235195,0.04330191083231255,-8.67914697233299,-8.560911115892207,-5.7411476008608,True
5.790737726122318,0.23551131454879817,-0.6279882234477403,-9.348284709336033,-8.717326424492876,-6.253870029263173,True
5.3373165725119875,0.45529396852846155,-0.3417081029361704,-8.698677158760797,-8.205545627317749,-6.116043275863064,True
6.939961948058698,1.5084579224879258,0.1785332003007486,-8.018278030895017,-8.273142181228547,-5.368047594086487,True
6.7521716855802785,0.30151514992626727,-0.520690861420749,-9.483178420449477,-8.990640399155335,-6.115449765714158,True
7.440597477469937,1.2600061871982497,0.10037267770443667,-8.533629567199155,-8.56779560810654,-5.5887457035126324,True
7.0461467913367635,0.6009330630017192,-0.22117390068940684,-8.473036661369797,-8.771083218111734,-5.324865187678079,True
7.235642177166031,0.8660825234677747,-0.062440724865828835,-9.341598081291721,-8.668580177901756,-6.295929647809982,True
5.791235766022519,0.6807738659298415,-0.16699712463367822,-8.101820907342805,-8.193592379862759,-5.531140271900064,True
5.501507536269832,0.8041491462631596,-0.09466339479393046,-8.346275419074763,-7.992269137717937,-5.976918025776842,True
7.089202862045178,1.4734825584546274,0.16834499949253226,-7.379451553773725,-8.346077167580322,-4.656286130613419,True
7.244932227770322,0.6962982029429459,-0.15720472568176497,-8.802436083629331,-8.780103377811628,-5.645244450237718,True
7.753699243341865,1.1923173491326082,0.0763918633185689,-8.256500018719994,-8.723772688323425,-5.155639074816585,True
6.152950965044651,1.0258848429119103,0.011098613315008254,-8.071553691211289,-8.13988548232683,-5.554579953304475,True
6.04049009764601,1.3714822879210842,0.1371902032582245,-8.8772775931481,-7.950341591825368,-6.549847745742749,True
7.160663901255331,1.8746403800847102,0.27291796757080483,-8.072443344026743,-8.256603812304025,-5.4387512761427335,True
5.9540258065008596,1.4983978041133175,0.17562712791351845,-6.973281241686534,-7.871109146321345,-4.725083839785206,True
7.588197791921875,0.5449201804525251,-0.2636671082330078,-8.902826345842566,-9.04222564590267,-5.483512444359913,True
7.3878033226051425,0.20643933859412134,-0.6852075410251799,-8.94511424546408,-9.438941104087819,-5.129084885796278,True
6.198313455828801,0.632090372502462,-0.19922082444979985,-7.750012402350854,-8.397573078111279,-4.975351068659591,True
7.089912857782448,1.2451335499427951,0.09521593528126102,-8.832861456368539,-8.429483796581781,-6.026289404206774,True
7.10008376121457,0.24372635216959132,-0.6130975115082957,-9.671393364421787,-9.238697907615606,-6.055607201226198,True
5.295653116675533,1.0633066293259255,0.026658521551916815,-7.617167282444998,-7.769750458610866,-5.470328568254149,True
7.510071551502399,1.2483845292908926,0.09634837799615617,-8.722672539855422,-8.600931450979234,-5.744652833296205,True
6.409549071680564,0.7646772495038641,-0.11652183064526754,-7.852421184635585,-8.390424378834458,-5.084908550221143,True
7.299287181118444,1.569020280201014,0.19562855704931484,-7.707647317617834,-8.401437487326792,-4.929121574711059,True
5.896537394854795,0.34535398578696663,-0.4617355273650973,-8.775455459394156,-8.57186828227071,-5.826498921543462,True
7.490599342934475,0.28740379759568124,-0.5415074976355004,-9.705678861714528,-9.3178802947719,-6.010710311362645,True
6.088088650093631,1.4903236899963175,0.1732806049974393,-7.509933102125867,-7.928891709106855,-5.203953137439029,True
5.040020294600426,1.0616950064365076,0.02599977470655112,-7.989293208877792,-7.665403945228304,-5.946801008069505,True
7.51790807468136,1.4170372154456856,0.15138125621109114,-8.040689844693578,-8.541605643534417,-5.121995945579179,True
5.26286409469759,0.949951959931437,-0.02229835688401935,-7.916027641672251,-7.811912179714486,-5.727027206377782,True
5.894498776125449,0.6028725481910187,-0.21977449128905574,-8.061556357998178,-8.296029687840598,-5.388438414577599,True
7.64167164873073,1.6577864698675104,0.21952859079185574,-9.222755195703181,-8.515034296433466,-6.33063264368973,True
7.64318179701703,1.621524049849939,0.2099233943532177,-8.355716274204458,-8.526571918088656,-5.452056100535817,True
6.598422950101503,1.4286309005148896,0.1549200394452298,-8.225172023308941,-8.159566914787991,-5.6885168529409675,True
6.7601890777103435,0.6502913456409043,-0.18689202573285138,-8.496103063771757,-8.614557885575573,-5.504456922616201,True
6.252194095879946,1.2362048899848528,0.09209045717300275,-8.609399611925477,-8.088634934502016,-6.143676421843478,True
5.822193837603638,0.8139139206773982,-0.08942152355255718,-7.7751021374090366,-8.118151352643274,-5.27986252918578,True
5.920400790674667,0.3176941826412913,-0.49799073754904843,-8.031245933957052,-8.622884758930745,-5.031272919446322,True
6.872876123333397,1.838691606326732,0.2645088935111026,-8.571829488884287,-8.147846446944563,-6.046894786359742,True
7.094077446542373,0.4010199215484017,-0.39683405230839824,-9.697584278411682,-8.990434668202749,-6.330061354628951,True
7.2026739511206,1.8993372059336797,0.27860207567725637,-9.341273453176674,-8.267414627630625,-6.6967705699660645,True
7.197242255540914,0.9705426359679159,-0.012985381286567498,-8.39969166922233,-8.59658488288124,-5.426018530761105,True
5.262640905444872,0.49001485812634826,-0.3097907511868879,-7.991466418927195,-8.138569506965311,-5.4758086563819,True
6.3795442440261505,1.1471815468730546,0.05963215248371296,-8.114373715758633,-8.177881292553423,-5.559404167625227,True
5.169437765246104,1.7569662301841633,0.24476341420695324,-7.8664577933395945,-7.469974262152472,-6.019395275607139,True
6.532195004036748,1.497758241819814,0.17544171809182532,-8.258936399092452,-8.109015539718008,-5.77283260379446,True
6.233039488804255,1.634685635121761,0.21343424625699858,-7.813432858144517,-7.9428470178311805,-5.493497584733353,True
7.468940586240491,1.3624789628234557,0.13432980533383837,-8.54524103004127,-8.540854038907321,-5.627298735553965,True
5.9820345847692575,1.4241734330524396,0.15356288005311633,-6.689579360597775,-7.9077011449585415,-4.40478996005925,True
5.3342756355044685,1.7132183907765683,0.23381272774292572,-8.143712192915533,-7.550188037348995,-6.216435899986553,True
5.406086959286355,0.6088884752703564,-0.21546224597151878,-7.814001667257756,-8.090333804869717,-5.3465796068080556,True
7.119384449857398,1.0505207850392193,0.021404649544007098,-8.656587277599082,-8.525490208604307,-5.754008813414791,True
6.722464035386043,0.5564677948953966,-0.25455996502907347,-8.773911937045845,-8.675956351124142,-5.720867330341721,True
5.290109812860129,1.9682844707783367,0.29408786602678577,-7.151881101027365,-7.463525054858421,-5.3112677905889605,True
5.242975852938542,1.887957303922807,0.275992168521164,-7.192560122009785,-7.464714083563827,-5.3507577828659745,True
6.951684494141762,0.22162419031959296,-0.6543828380368248,-7.938300979160276,-9.224611103836592,-4.336601619743701,True
5.211553527628816,1.448669468932138,0.16096930735268541,-8.196380036890803,-7.582524879615262,-6.236766901695558,True
7.2865523642342875,1.8533074009737227,0.26794746004972875,-8.995236338763364,-8.314008027551068,-6.304140055632312,True
6.966290969223495,0.4816197889480883,-0.3172956769529026,-8.524997589713355,-8.847500138049824,-5.300409196083546,True
5.235336122378063,1.1951551163776066,0.07742427500382895,-7.580200900616693,-7.687255319689763,-5.515857325346946,True
5.245000468015982,1.8353294444896344,0.263714032120532,-7.8044383469696275,-7.479501137918209,-5.947848953471434,True
7.742991632448256,0.21152849635540766,-0.6746311177628951,-10.335646365530799,-9.572944732153651,-6.385613377797164,True
6.046730104244453,1.4336481334589997,0.15644257361319253,-8.67153245509994,-7.931025714819516,-6.363418484700442,True
6.036678747375288,0.6967168743444019,-0.15694367081190388,-7.606904525268093,-8.28307212677498,-4.946744142913129,True
7.261454801303282,1.8517377921809874,0.2675794901909689,-8.775610003865914,-8.30410818756508,-6.0944135607208505,True
7.633878559353288,1.9376892877084617,0.2872841383225409,-8.682901418826042,-8.434822944315815,-5.870990218930242,True
7.741222946789353,1.8883388731661959,0.2760799335743593,-8.89761980861165,-8.491688259446157,-6.028843293585508,True
7.096857573167268,1.0225025891514403,0.00966441638867984,-8.730867772516529,-8.529572353737331,-5.824207163199214,True
6.052239051920637,1.7368825636650267,0.23977045536337974,-8.639777501776567,-7.83858435233076,-6.424104893865825,True
5.241296985255312,1.7046599927131278,0.2316377686576693,-7.488563352164809,-7.514434803130493,-5.597040293454333,True
7.162696957119,0.736783074392672,-0.13266035944298818,-9.527016269904617,-8.718399126150274,-6.431528888174359,True
6.55677977176818,1.6758623040585783,0.22423833228697407,-7.6073939563923085,-8.06366305151005,-5.1666426493022755,True
6.185094965614124,0.21716806693425933,-0.6632040343954114,-9.312836671569853,-8.919478198586713,-6.016270217403157,True
7.520601646712419,1.2473291177521784,0.09598106066768994,-8.551295839790695,-8.605678034879515,-5.568529549331196,True
5.3180170259880395,0.5726762813130223,-0.2420908038051044,-7.448143190288109,-8.08439133565354,-4.986663599054586,True
6.37457153888568,0.37108420706135525,-0.43052752835683694,-8.523065963192394,-8.73292723420072,-5.4130504734116895,True
5.041449596005751,0.29074780103218306,-0.536483561219291,-8.26051088806667,-8.305281216379933,-5.578141416106754,True
6.30818997832373,1.431563926362305,0.15581074617285587,-8.285863868040373,-8.039234633604796,-5.869540978855595,True
5.165960073638689,0.7750496858576481,-0.1106704554264199,-8.106163618216932,-7.8725123955609355,-5.856562967076014,True
5.339125628062559,1.4840203942387205,0.1714398693018216,-7.385708224515521,-7.623071742024724,-5.385548226910814,True
5.335547703572581,0.2693863834284526,-0.5696243601770244,-7.099520097223111,-8.463856321658747,-4.258575519984381,True
6.8083125368614965,0.729764804977568,-0.13681708557620548,-8.35143864867219,-8.577429693506637,-5.396920699585568,True
7.076544315565222,1.1427429623669694,0.05794855534784629,-8.387663343661533,-8.466343939785956,-5.544231148295593,True
6.625931479319132,1.6055120704566463,0.20561357499938207,-7.7804720421440035,-8.113260493703988,-5.290123292860032,True
7.675217959274481,0.7361421130808368,-0.13303833651987151,-8.97680661470057,-8.929535237938062,-5.670183121182524,True
6.0483915052806605,1.301891916868679,0.11457493057937569,-8.82026425233177,-7.979293358369339,-6.463882638382447,True
5.801422479000754,1.7809710126996097,0.2506568508910625,-7.638221271973258,-7.7230962692068506,-5.538036747186425,True
7.416019585084805,1.2834199941429634,0.10836880079459892,-7.615506542676901,-8.548603215639758,-4.689815071457158,True
5.629360472698884,0.5781113555136591,-0.23798849994077054,-8.712996006238898,-8.207727710187214,-6.128180040471701,True
7.678126434250494,0.19394624346505915,-0.7123186278102276,-9.320694087337905,-9.58911118017775,-5.354494651580172,True
5.043667894890791,1.751722126236532,0.24346521563729823,-7.8735201231589445,-7.419743491711299,-6.076688375867662,True
7.696564349980161,0.18817825863664772,-0.7254305546577858,-9.562914737592976,-9.611593678469443,-5.574232803543549,True
5.129552956103096,1.7602004815772072,0.24556213547558225,-8.156766295527555,-7.452669120393463,-6.327008919554109,True
7.478466424943657,1.1233022027312418,0.050496610511279245,-8.70756546781118,-8.640050783029164,-5.6904264292020335,True
6.4717320721690506,1.8787627009004568,0.2738719295429827,-7.596609464274737,-7.972287429243389,-5.247233779451364,True
7.760512485250462,1.6203587210866597,0.20961117092686166,-8.787295545249307,-8.57516351318419,-5.8350437764851355,True
5.214416484317055,1.9871946316105347,0.2982404052552066,-7.1971388740563205,-7.427686615114565,-5.392364003361772,True
6.544176367791659,0.7950111666162891,-0.09962677126079092,-7.979728934035471,-8.426570004282507,-5.176070674172982,True
7.694968023664904,1.5621608291269953,0.19372574375816426,-7.7786143795132405,-8.566271576684379,-4.835254547248877,True
6.458981028351312,0.8893567452209719,-0.05092399673176815,-8.727908703966646,-8.336191609931515,-6.014628838455147,True
6.753434227634678,1.0329308946459208,0.014071267233210963,-8.521474739404187,-8.383376292747858,-5.7610101910763465,True
6.93722386848739,1.3048650647135964,0.11556560387339952,-8.899036434863648,-8.3435822427914,-6.178365936492264,True
6.269078749406732,1.7583132448281784,0.24509624751920028,-6.605433595364955,-7.921677996583833,-4.3066673432011395,True
6.748335881832856,1.961681750327716,0.29262855182711933,-7.27772022129608,-8.06468637417021,-4.835945591545887,True
6.628550644026988,1.5641596292500333,0.19428107261436967,-8.072909734499293,-8.127217218975966,-5.568604259943343,True
7.506207689060039,0.91852641504268,-0.03690834970948628,-8.207941463946659,-8.750795698365826,-5.08005751000085,True
5.135886473545838,0.9251396004706907,-0.03379272873166757,-7.744323043651286,-7.7727733280661395,-5.594461460005163,True
5.788268035170478,1.5076266005590648,0.17829379153566025,-7.629466941503101,-7.79993237813028,-5.452446307792838,True
7.642639810892068,0.5888275054997925,-0.23001191129321924,-9.755052559609123,-9.026356962950594,-6.351607341078545,True
7.476030681377838,0.3524933198873407,-0.45284910892380525,-8.836988272426204,-9.21112628879782,-5.248773728048401,True
6.272169205216425,0.8022140169131664,-0.09570975395389997,-8.92590668390158,-8.310291129120717,-6.238527299200879,True
6.727767295910256,0.6780942254307538,-0.16870995400705957,-8.072413485229983,-8.580563904433497,-5.114761325216505,True
5.778345876857737,0.6947995606481918,-0.15814046484803373,-7.756512305966755,-8.178227092127443,-5.201196958259328,True
5.531095612434819,0.5793054804488496,-0.23709236289152594,-7.868740252698501,-8.166310770699074,-5.325341226419443,True
6.29444458168375,0.22653565907849443,-0.6448634257832275,-9.91637655409031,-8.943588782075963,-6.595699516434362,True
5.988785671632166,0.18192379164254036,-0.7401105010277541,-9.205184962851025,-8.926179886156682,-5.90191682111436,True
6.626727429826916,1.9683846419420692,0.2941099678506468,-8.35607918395708,-8.013007269879221,-5.965983658497875,True
5.225324944393008,0.9369581145925454,-0.028279823208183837,-7.997117972081077,-7.803277392987726,-5.816752323513367,True
7.709073617235282,0.856929686490135,-0.06705481170821093,-9.602162195573829,-8.868460418444675,-6.3566135215491695,True
7.7418037622085,1.4009102959808724,0.14641032714317925,-7.811243830387493,-8.639302855413845,-4.794852719393663,True
6.943907947834694,0.5510236645227643,-0.2588297493315873,-8.698623502126066,-8.771848709436242,-5.549686537109842,True
6.494986934773213,1.8988285010331631,0.2784857417679026,-8.251902872787534,-7.976604095982029,-5.898210521225522,True
5.867391497113128,1.5974475173939457,0.20342659873615251,-7.945270021621994,-7.803896786772208,-5.764284979269802,True
7.264212204588247,0.313695069841354,-0.5034923067964223,-9.253451949312444,-9.181602392884578,-5.694761300847882,True
6.9067053479742455,0.9181837912870208,-0.03707037810968239,-8.366541107509962,-8.50451374970843,-5.4849391022215475,True
5.460448921985349,1.7683359230050448,0.24756476952861733,-7.565149879995635,-7.586430261017439,-5.601631363398212,True
7.5332683010479435,1.889196385278197,0.2762771059416968,-7.647596210719421,-8.405970300676346,-4.864537654463092,True
7.288428162897178,1.0099535858174526,0.004301415479137541,-8.61854594043057,-8.614425750252522,-5.627031934598064,True
7.64094575981863,1.2789037804469272,0.10683787114567725,-7.334903664041366,-8.642814352587536,-4.3150010558738465,True
7.020243038235757,0.4566765319784131,-0.3403913056563005,-8.331577805431374,-8.895930100567144,-5.058559449284247,True
6.709160092742138,1.9747326093790527,0.2955082978698555,-8.484636256704318,-8.045307537359276,-6.0622404637650575,True
6.168533210525014,0.5757392769708345,-0.23977414193648508,-7.630150225977948,-8.431420705343957,-4.821641265054009,True
7.593657898890617,1.8855119281821895,0.27542928419712454,-9.07773478810622,-8.431761131757467,-6.268885400768768,True
7.408996973916132,1.3456491288222001,0.12893183456775653,-8.03208526466228,-8.522345207290787,-5.132651801791509,True
5.135255716194145,1.2684511777099854,0.10327375602034689,-7.781205707860424,-7.616731288223235,-5.787386164057206,True
5.083036519357388,1.0933722392094467,0.03876804293105955,-7.0379920890185605,-7.668576924579334,-4.992326908859243,True
6.052803526252197,0.5738937962105846,-0.2411684699491081,-7.780645358587844,-8.385426890208112,-5.018130212799749,True
7.255232726265677,0.47416463819360793,-0.32407083755738414,-8.506849110266788,-8.97398954577217,-5.155771308914634,True
7.7447548782023965,0.5551356001737974,-0.2556009209958675,-8.660839025892189,-9.097421441572472,-5.186329328739734,True
5.426654788356773,0.49241928207019264,-0.30766494937856353,-8.48018715162445,-8.203582461556396,-5.899516434488071,True
6.655742081525414,1.5849946011770537,0.20002778725849737,-8.889113556827063,-8.131864683162075,-6.380160618085004,True
6.065067672867929,0.7939307299416634,-0.10021738789588641,-8.363239339472374,-8.230271141601698,-5.755879942290694,True
7.696662881946452,0.2555462139361349,-0.5925305489831526,-9.969597734319207,-9.460586868519105,-6.131922610220118,True
7.342669417085913,1.934087044840922,0.28647601589145105,-8.039987003203947,-8.316020143976678,-5.346878603647285,True
7.332170512049852,1.7769336005598058,0.24967119964027523,-8.567824464247696,-8.353534320077692,-5.83720188859002,True
6.3082800526320675,1.857919705929798,0.26902694107574643,-6.843934196984249,-7.910595954551805,-4.55624998685246,True
6.159050021475332,1.9816202093347661,0.2970204227046564,-7.621983782651389,-7.817428874959674,-5.427466652111732,True
5.767337589248056,0.46931505231211446,-0.3285355164645616,-7.866726264595346,-8.367363649771729,-5.122274359243635,True
5.166160125723068,0.878877801193825,-0.05607150485396418,-8.413851596330474,-7.810540278551212,-6.226223062199278,True
7.405280982226498,1.5456752731980035,0.189118259393952,-7.862699768315329,-8.452412698702052,-5.033198814033294,True
7.261735795290315,1.4310699796509119,0.15566087137902304,-7.6606700135755155,-8.431424661093624,-4.852157096901908,True
7.779217955002582,0.4324762628065074,-0.3640377245345569,-9.252391862714347,-9.234833526479285,-5.64047008065508,True
7.770684038694718,1.6517646169572133,0.21794815869862216,-8.42395057649048,-8.569869828211992,-5.476992492698505,True
6.5485458245192785,0.5624195363741072,-0.24993960194251996,-8.208452812226778,-8.599204206303032,-5.2321603503437615,True
7.140095140050015,0.5612720495567006,-0.25082658440696415,-9.34965185467203,-8.843408776200544,-6.129154822891502,True
7.627001071774326,1.1381068887911672,0.05618305206978863,-8.691171258516386,-8.694653107467193,-5.619429895469209,True
7.36352327217643,1.2411953615797535,0.09384014393107605,-8.682547400332794,-8.543533570295857,-5.7619255744569555,True
5.695154241828657,1.2175187964891498,0.08547567473143854,-8.436664678606228,-7.867143940097678,-6.192432482928566,True
6.258007254808959,0.3175187580606703,-0.4982306127921647,-8.945128221627204,-8.761953425885714,-5.806086540161508,True
5.367771579969641,1.7652829094472182,0.24681431661667105,-8.355488545354872,-7.54918187945909,-6.429218410315798,True
7.652721345506661,0.6382352813374573,-0.1950191918901515,-10.04426267680614,-8.990730734601497,-6.676443686624659,True
6.689103737428938,0.3875664884273322,-0.41165378198320324,-9.437472342269302,-8.84078609885341,-6.219597987835909,True
5.643340571244591,1.7860739635563108,0.2518994396025014,-6.688807510714165,-7.656693715771343,-4.655025539362837,True
6.870610895804223,1.9093100599136688,0.2808764608060423,-8.06093404912446,-8.128312635476888,-5.55553315806759,True
6.722215226068371,1.7370390715453372,0.2398095872241277,-7.127354637114401,-8.113979028231979,-4.636287353302438,True
6.002110728950968,1.6401286103925714,0.21487790450735061,-7.938300184147296,-7.846267299299756,-5.714944629267557,True
5.324554530392972,1.355955729693324,0.13224551057547182,-7.927254126100989,-7.661627598330407,-5.8885382721905986,True
6.870257751792055,1.1636792784289198,0.06583330093130205,-8.364240437156763,-8.372574458517262,-5.614577723059518,True
6.4512523315035075,0.3092296153485262,-0.5097189197778732,-8.936848573163243,-8.854456942023816,-5.705303375559441,True
7.149321945107721,0.9013708208033169,-0.04509650502831915,-9.289975264461075,-8.613379842233662,-6.299507166647429,True
6.450852898080222,0.8354922508044671,-0.07805757383577991,-8.168454614765736,-8.363688620292981,-5.427677738892772,True
7.370542755882356,0.6274664725985803,-0.2024094748739118,-9.308399516953262,-8.883121500972909,-6.048189760400368,True
6.538781943405325,1.4815398505024129,0.17071333763890945,-7.952322959853499,-8.117097582224442,-5.458137122049073,True
6.56379818115302,1.0624031059982735,0.026289331711384995,-8.08265472336392,-8.291527108409053,-5.4140393593748835,True
7.438330479363616,0.29828713331696577,-0.5253654796247249,-9.834398936181316,-9.278045444668459,-6.179265235932874,True
6.12764753940834,0.5545774610592789,-0.2560377848419862,-9.268633781951863,-8.433096297857201,-6.45844922851468,True
5.3812221828082745,1.4075626439070061,0.14846773233171498,-7.247096423876836,-7.666487336878809,-5.203520831418043,True
5.089728013387949,0.28923304681554773,-0.5387520874850563,-8.382345746311843,-8.327707624990655,-5.677549865741206,True
7.101730198215925,1.71692313626317,0.23475085296873885,-9.125816947634632,-8.275753897644279,-6.472974794410368,True
6.728257457249097,1.0610599047457872,0.02573990375630226,-6.970383121784648,-8.359763700778533,-4.233531165426132,True
6.96030095763485,1.0342404774790095,0.014621530923741634,-9.319649632355489,-8.467797492537471,-6.474763884238036,True
5.599910727379683,1.2402151409462612,0.09349702905033937,-7.5427078067027145,-7.818870973882929,-5.346748577239802,True
5.387748987375352,1.6680623399238135,0.22221227734428384,-6.428866998396598,-7.585356361661767,-4.466422381154847,True
5.0502887239000325,0.7896645635214972,-0.10255735066919547,-8.199495722180124,-7.815736903187096,-6.006670563413044,True
5.981127537894274,1.3979057542804496,0.1454778926001773,-8.49586574858392,-7.916517223156733,-6.202260269847204,True
6.6440719925873335,1.191078279388617,0.07594030488274006,-8.90039991299185,-8.268098358511262,-6.255213298900604,True
6.096516004926259,0.6408660765355163,-0.1932327166564639,-8.627694185437528,-8.348916555295945,-5.9016893745616,True
6.221805534005729,1.7674364353436594,0.24734380364240321,-8.590194028257262,-7.899688678017391,-6.313417094659886,True
7.514519583747683,1.6178587325968687,0.20894059741709917,-8.203062655283452,-8.474793584612073,-5.351180815091396,True
5.974667643654542,1.3618682807844384,0.13413510486398678,-8.758108046151733,-7.926753075213421,-6.4542667153583295,True
6.433750884972676,1.7157715455793912,0.23445946119376732,-7.988681107276452,-8.001466872523485,-5.610125979172984,True
7.180718845292967,1.7465559186900081,0.24218249480603765,-6.829543322893465,-8.299781116577197,-4.152673950736285,True
6.108423507029919,1.453804604256367,0.16250603995103502,-7.466310652358585,-7.949497548419691,-5.13972484835891,True
6.7331801596312095,1.6907785514870584,0.22808672991289664,-7.9732337798725474,-8.131810505242138,-5.464335019050426,True
7.398747473228484,1.4337424335849396,0.15647113897490078,-8.761004869402587,-8.486831696353965,-5.8970849174686375,True
7.6401721275316685,1.4018193028407697,0.14669203585833587,-8.426292386270982,-8.597200102609438,-5.452004028081561,True
5.417393542173435,1.2884821601727168,0.11007840985457347,-7.688269542188369,-7.724989359192923,-5.586191927415463,True
7.57664772169734,1.535504051037965,0.18625096655643278,-8.62699930981837,-8.526123438564138,-5.723787615674249,True
