logAge,Mstar,logMstar,logMacc,c_value,method
6.867232633610595,1.39803803828808,0.14551898800041635,-8.004593389356533,-5.346741013045605,fixed_params
5.602675814406223,1.3461216845816246,0.12908432032902276,-8.205709778493285,-6.049060459283811,fixed_params
7.779866596477127,1.3444450217061585,0.12854304734933256,-8.842009594739272,-5.789663141687284,fixed_params
6.266350967728231,0.8262934294977291,-0.08286570064331959,-8.105808697492627,-5.435419185045016,fixed_params
6.4793388095495725,1.5643104516903423,0.19432294698230637,-8.126753050387475,-5.683838813753324,fixed_params
6.51284430893043,0.21218658279525454,-0.673282081331048,-8.94135953010963,-5.498595286641423,fixed_params
5.214163043636463,1.4614286153885865,0.16477760676155354,-7.567465875827931,-5.611108239515142,fixed_params
6.263105450036788,0.9405191212577433,-0.026632370584299403,-7.962723590054432,-5.357580281539287,fixed_params
6.692594114494982,1.5393950213710197,0.1873500776537649,-8.724613437916508,-6.186101137962187,fixed_params
5.732627449621276,1.659128849197172,0.21988011497094526,-8.001292994572232,-5.894412076236005,fixed_params
5.6580502299764746,0.4588294327721923,-0.3383487309613565,-8.650449349304953,-5.939774230586484,fixed_params
7.064669867323886,1.6543571186802137,0.21862926454615286,-8.881801508341379,-6.225872548856701,fixed_params
6.451405737329273,0.6632720438303878,-0.17830830733913802,-9.281676892185418,-6.426732901308627,fixed_params
6.173736392707404,1.7435240245567762,0.24142793603121127,-8.453017736459586,-6.189279212767671,fixed_params
5.217916159918176,1.5156963346030654,0.18061220036182543,-7.881761822982056,-5.9418579991687785,fixed_params
7.136480746824435,1.0924194245297452,0.03838941381397971,-8.15243125154036,-5.262128205249752,fixed_params
7.493999534902025,0.15761360661146456,-0.8024062930571334,-8.628397941947465,-4.635507345858143,fixed_params
6.688444351996392,0.8284260037589182,-0.08174627734043857,-8.824548837691188,-5.981901487870593,fixed_params
7.346441951235915,0.4172694437363768,-0.37958341711565174,-9.657980316886487,-6.206312031095568,fixed_params
7.733280381373973,0.19471759569059938,-0.7105948016076012,-8.646779581392341,-4.659864586846551,fixed_params
7.102790287819143,1.8136533153022691,0.25855427410194154,-7.889561148047999,-5.263336918553262,fixed_params
5.344098192943344,0.7183913553686339,-0.14363890231275755,-9.40056357581797,-7.040256924699781,fixed_params
6.459775750808703,1.7067762283063246,0.23217658544853337,-7.742086968076337,-5.350237954312338,fixed_params
6.867202311274772,0.7067924726788104,-0.1507080843654205,-8.123423632385995,-5.128907251487265,fixed_params
6.146150866789255,1.1787851949023909,0.07143467263719082,-7.703144072748226,-5.257540841510407,fixed_params
7.7543845313414455,0.6899887392817496,-0.1611579969550704,-10.082537010848387,-6.7114073666841705,fixed_params
6.041794177674044,0.9939579928489408,-0.0026319695859940003,-8.14368305167919,-5.656802375971572,fixed_params
6.628681014610793,0.8391155896481997,-0.07617821022177168,-8.52103855481706,-5.709289357608537,fixed_params
6.38730252773354,1.376491460039558,0.13877352130929763,-6.920770383875698,-4.452559280590135,fixed_params
7.69669812138967,1.0297049553794748,0.012712802757114944,-8.791653573286313,-5.6418524584962695,fixed_params
7.012845368050336,0.7340347334580144,-0.1342833894132783,-7.688057150035629,-4.652331776016802,fixed_params
7.116347164181371,1.1404004408588577,0.05705737652810302,-7.777096316878172,-4.916287592684976,fixed_params
5.262990914380079,0.24692054178614836,-0.6074427787870742,-7.925604597898868,-5.071506938891994,fixed_params
5.12252709202322,1.311961744348294,0.11792117157877016,-7.457401875161633,-5.485462795668219,fixed_params
5.046674869398247,1.4298825675301796,0.15530037147356485,-8.696499035502224,-6.798227435308228,fixed_params
7.207820694288529,1.5795563227861305,0.19853511630581816,-7.9399541686417825,-5.202335375273924,fixed_params
6.196514054283859,1.4742261434788935,0.16856410857851675,-7.8666058075048015,-5.510689698380935,fixed_params
6.101693393303674,0.2929061779172729,-0.5332714681712997,-8.16453928824706,-5.049935386526857,fixed_params
5.107801638313655,1.2725395258553853,0.1046712806703229,-7.290074030518387,-5.309129702364122,fixed_params
6.922608222556996,0.9677859025301587,-0.014220708429040527,-8.813835709973908,-5.951665509958199,fixed_params
6.551245013195738,0.7871381776114987,-0.1039490230326741,-8.959008667697546,-6.147531912380828,fixed_params
6.785789310212573,1.121258618840455,0.04970579438032131,-7.413522954021386,-4.680257027034244,fixed_params
5.455349359137724,1.9907320384184308,0.2990128059499928,-7.922794814471418,-6.019846013943013,fixed_params
6.0595467398226965,1.4281088509930777,0.15476131079029562,-8.385579432119703,-6.070285477364577,fixed_params
7.634057950576139,1.7082719178623762,0.23255700161519582,-8.32363893593802,-5.449453933348394,fixed_params
5.956416771522351,1.8104719354236334,0.2577917970982835,-7.913432386002688,-5.757636157217149,fixed_params
7.213460594504328,0.29350299907173816,-0.532387456686717,-8.288106919539883,-4.7174404201391225,fixed_params
5.689498504344738,0.3032182343787208,-0.5182446854544208,-8.866699090239997,-5.938634526164954,fixed_params
7.007738208430775,1.7086402767167974,0.23265063950188714,-7.777345141751898,-5.160757776727211,fixed_params
5.5679648271564846,0.25475947367593155,-0.5938696570224995,-8.029697400259774,-5.065646040716837,fixed_params
6.092593965606218,1.3862974279875733,0.1418564174879234,-8.062261573537263,-5.718714276327156,fixed_params
7.348858291040973,1.1920726560910642,0.07630272619096565,-8.550088547653978,-5.615563629055205,fixed_params
6.763423111866864,1.2383354823271633,0.09283831704747178,-8.143241939635924,-5.4681933647514045,fixed_params
5.8792507393486,1.9455161687300004,0.28903484447465694,-8.106359972172541,-6.017797317533832,fixed_params
5.869610886847223,0.657893699983888,-0.18184427240405135,-8.886697166856766,-6.266920616453698,fixed_params
7.283509608765816,0.6128635206007526,-0.2126362283351008,-9.108092023845483,-5.8720399433666834,fixed_params
7.096115571644279,1.2903371192235664,0.1107031908350136,-8.068188718171243,-5.276668638688555,fixed_params
6.25586405223161,1.6171799127842819,0.20875833826321807,-7.741850177839945,-5.407216922648843,fixed_params
5.553129001174563,0.1819449111584605,-0.740060086748294,-9.334859664787768,-6.210755046507118,fixed_params
5.426616147185801,0.3420103301758246,-0.4659607761935617,-8.929583272284054,-6.169017537523788,fixed_params
5.4636754282503714,1.5545316071883863,0.19159955667059358,-7.838985301345916,-5.810533124987506,fixed_params
6.750504217753467,1.7811356483511804,0.25069699587371247,-8.558692189901407,-6.068368866490905,fixed_params
6.575117373506634,0.7127210392215944,-0.14708042082564032,-8.48497347338359,-5.61466143439903,fixed_params
5.449731000546631,1.5727978044301731,0.19667289422882467,-8.601608752867971,-6.5846554741802485,fixed_params
5.665555142083042,0.6686814780513302,-0.1747807062475446,-7.240756901580287,-4.712899392629424,fixed_params
5.064303241538819,1.3282833989817233,0.1232907448235229,-7.407322152033773,-5.465422716698915,fixed_params
7.27949655734917,1.335823092198056,0.1257489467851812,-9.163605158225561,-6.313794118934644,fixed_params
7.392893125282322,1.1798997589546225,0.07184511240605292,-8.594110510474877,-5.6364157915581155,fixed_params
5.410322287437807,1.9582046241556956,0.29185807178703704,-6.206676306607962,-4.314107234860487,fixed_params
5.937826220745914,1.3121920773849094,0.11799741129172486,-7.457512643922057,-5.150476205607373,fixed_params
6.9333960413400035,0.3558625933738394,-0.4487176606197102,-7.504843945799392,-4.144411769230054,fixed_params
5.845595508554306,0.418497421403607,-0.3783072135933845,-8.956682258319077,-6.1234891732238665,fixed_params
7.551832599022898,0.7984453071467859,-0.09775482732494191,-8.355372165915572,-5.139576017736847,fixed_params
7.49069108990445,0.42927994672330594,-0.3672593985711664,-8.748878034217547,-5.251913201777658,fixed_params
7.2257473018462095,1.335222838976303,0.12555375233846813,-7.8851591642368195,-5.057223554276899,fixed_params
6.498742784908615,1.090719624751663,0.03771312724086508,-7.8472878702254505,-5.218401638656151,fixed_params
5.735902336587754,0.7928587272450793,-0.10080418903000339,-7.998062142661922,-5.525361556368668,fixed_params
6.813991525949129,0.3325771542383056,-0.4781075871339687,-9.290216136818662,-5.945470205106738,fixed_params
6.897361407352386,0.4413146556213491,-0.35525164982497076,-8.366097445273912,-5.12670841494224,fixed_params
5.2112219126544845,1.9426420672684297,0.2883927890042922,-7.529511163327436,-5.714857343332537,fixed_params
6.374241883780483,1.4048110770965423,0.14761792303735283,-7.787201800201376,-5.334412253110771,fixed_params
7.758561693802575,0.3156300060059794,-0.5008217164151809,-9.372281188480455,-5.613389906345301,fixed_params
7.304016973662903,0.6636452558363599,-0.17806400587575594,-7.456642560272613,-4.251452548195031,fixed_params
7.050018763614007,0.42638214988460277,-0.3702009849591712,-8.439787077388388,-5.12064723971571,fixed_params
6.170604408546605,0.7003703786072815,-0.15467223020630003,-7.864185257926277,-5.1515472509983145,fixed_params
7.216764431127631,1.0150190920387663,0.006474211204013715,-8.762921210650909,-5.803338930730011,fixed_params
7.4895375322853495,1.570783545812198,0.19611634332387462,-8.640034598064634,-5.78384793636301,fixed_params
7.376321177096806,1.0307631722984723,0.01315889343215204,-8.065814504179308,-5.048233067392269,fixed_params
6.554951173405825,0.8191915653451061,-0.08661452797827311,-8.888688870527838,-6.095389943118456,fixed_params
7.297146718255493,0.3469107718832247,-0.45978221472463715,-9.116740336020996,-5.594188366624826,fixed_params
5.432878377049706,0.3602270293129322,-0.4434237033958737,-8.358722947222143,-5.621197177119165,fixed_params
6.709299557147931,0.8230013461480894,-0.08459945443024665,-8.300475762896246,-5.446011691893044,fixed_params
6.202188197848039,0.6576007881853523,-0.182037674932203,-8.788373984550683,-6.031649160217955,fixed_params
6.25844304131879,0.5546336811320186,-0.255993760640542,-9.227835029365112,-6.363928148596351,fixed_params
7.262792706952009,0.30440787360068544,-0.5165441185995353,-10.415842502259691,-6.842901415875495,fixed_params
7.550442485188585,1.3892738256029527,0.14278785353311457,-9.089096625800789,-6.147260430459417,fixed_params
7.020424528606282,0.3351923207080727,-0.47470593966083063,-9.048432774492628,-5.62268469234181,fixed_params
6.979713450351008,0.8008602615652498,-0.09644325535816825,-8.932693564634217,-5.953596464922287,fixed_params
6.046012617503294,0.45664192825832195,-0.3404242146696412,-8.976345323583262,-6.10381306166474,fixed_params
5.880546793693614,1.4957971317181173,0.17487269610215933,-8.056885663449307,-5.838039345441389,fixed_params
5.9235688811642495,0.5483940646686822,-0.2609072542756482,-7.854450695671784,-5.122632128680975,fixed_params
7.659053968973554,1.3929587363823186,0.14393825150875159,-8.844425557418917,-5.859244727735727,fixed_params
5.339737951282989,1.5943262939644194,0.20257720863244524,-6.864117149156586,-4.899094514640049,fixed_params
5.802490476445676,1.2949227273448618,0.11224385329062676,-7.044740333565402,-4.7868036344159375,fixed_params
5.074264742911057,1.9126705598044442,0.28164017317421397,-7.463713523413076,-5.697690561695861,fixed_params
5.748215928822817,1.4628677310982834,0.16520506006172805,-8.16244154316867,-5.987011064815573,fixed_params
5.799793501439821,0.24821533263947887,-0.6051713949764919,-8.830294767519458,-5.758089531682803,fixed_params
5.592141035138701,0.5732479005682389,-0.24165752713147068,-7.995629305917257,-5.421944886775579,fixed_params
5.611841135604831,0.8374168396158828,-0.07705831012890267,-7.559502641898197,-5.16479417331782,fixed_params
7.3950323208874185,0.2726710963689371,-0.5643608956218388,-9.74662266595259,-6.064969424396857,fixed_params
6.251611874795202,1.9424086212521434,0.28834059698676356,-8.24016879655461,-5.997732793744999,fixed_params
5.297899811168089,0.18923707827250635,-0.7229937658650892,-9.153940246377033,-6.1541616024250505,fixed_params
5.8492881502227325,0.5422939463694044,-0.2657652435694079,-8.722543643742048,-6.015741868666258,fixed_params
6.136579803356913,0.47607411619723,-0.3223254301581209,-8.069960115054638,-5.180764216759535,fixed_params
7.508278301393775,0.19191485258559024,-0.7168914132460065,-9.534416450695272,-5.632847417840465,fixed_params
6.2910626920466495,1.6291899525705984,0.21197172307084589,-7.33786908391648,-4.992417208362393,fixed_params
6.768814749246425,1.8382124865995069,0.26439571185086685,-8.86267550285756,-6.380393650220606,fixed_params
5.85739207340934,1.146106142960844,0.05922484029065935,-8.172214993376835,-5.831448582676721,fixed_params
7.652300505256793,0.8247844602911814,-0.08365953016072665,-7.943225481988513,-4.702145176726336,fixed_params
7.697487210116764,0.7058279225627244,-0.15130116494028292,-8.905088014645848,-5.5685526425766785,fixed_params
7.748310978638141,1.9434619664799853,0.28857604591429076,-8.064033636557252,-5.2065455445048485,fixed_params
7.512382467362055,1.8181114141331447,0.25962049333074144,-8.317011833323182,-5.523608765602985,fixed_params
7.336099444010328,0.760200058216616,-0.11907210147435926,-8.396088017433676,-5.244755497357263,fixed_params
5.281477745631997,1.2068994136896976,0.08167107631123129,-8.389109943130093,-6.3106234199852755,fixed_params
5.398551014659395,0.22629010432101443,-0.6453344373521417,-8.277318368005574,-5.324423822382633,fixed_params
6.84078137777143,1.3977610916754795,0.14543294720818736,-7.245524060509389,-4.598448477567761,fixed_params
7.267656858572718,0.8020869871355014,-0.09577852949097608,-7.8684528320328315,-4.771732556310445,fixed_params
7.2082485746851965,0.7757171740292981,-0.11029659336490233,-8.915415067903748,-5.826618111486011,fixed_params
7.115791313825397,0.41133599960738215,-0.3858032799227141,-8.032896150939482,-4.668983278293864,fixed_params
6.501955472180392,1.456705674319891,0.1633718119407307,-7.754309722077634,-5.266919902316741,fixed_params
5.8923675292294755,1.8303667516437987,0.2625381182860201,-7.297072883348191,-5.173002864896961,fixed_params
6.882266915996415,1.0131518790075782,0.005674554215855461,-8.782480072616718,-5.959506836357605,fixed_params
7.566837930807858,1.0286593956997871,0.012271597255081488,-9.688119670179125,-6.591204943696916,fixed_params
6.964826033713149,1.6678933118052754,0.22216826717934515,-7.180155614599748,-4.569296483935103,fixed_params
7.446969980887793,0.8261827071556278,-0.08292389948952786,-8.84082361796386,-5.684994432428846,fixed_params
6.871326947028416,1.9049047144741071,0.27987325664519697,-8.000647675089645,-5.493812212301271,fixed_params
5.014754442284448,0.5740755157595143,-0.2410309753363333,-7.8628796836555646,-5.5272812944733865,fixed_params
7.133819259329064,0.9399046742438832,-0.026916190601549893,-8.345540679739903,-5.38210882376318,fixed_params
5.799605269248353,1.2384698106287257,0.09288542453739448,-8.09675615009996,-5.8180038155669775,fixed_params
6.049528626336899,1.1503581068022126,0.060833057395627374,-7.344542270059609,-4.9266129135044086,fixed_params
7.336521038394029,0.905579907792927,-0.04307322179125214,-8.385627693436767,-5.32049827030376,fixed_params
5.162854755733219,0.7977780435495094,-0.09811792051616165,-7.719028217757842,-5.484970784421076,fixed_params
7.040710178682767,0.9082418194088151,-0.04179850516534167,-9.054772138537862,-6.112704611694116,fixed_params
7.131353369113352,0.9701002513008168,-0.013183382912098987,-8.509963130916956,-5.563153050019605,fixed_params
5.6951162534608235,1.9695863935455025,0.29437503536967524,-7.624874022804681,-5.618081725112087,fixed_params
5.5624855729183,0.8577624929386982,-0.06663294791495039,-7.543463497937015,-5.180894912257697,fixed_params
5.167445709371789,1.8662732099547001,0.2709752218811442,-6.74232418461383,-4.925871630440142,fixed_params
7.014544774924598,1.0610374063880947,0.025730695024405937,-7.927673417044022,-5.0731131735880926,fixed_params
6.238194776406488,0.6548905558784446,-0.18383127245019015,-7.640461208766438,-4.866894927189172,fixed_params
7.58179861183228,1.1291714963269996,0.05275990671882604,-8.099321402103698,-5.04227300518996,fixed_params
6.1533939951603545,0.6374493850503133,-0.19555429350738784,-8.584741082956322,-5.832714131166658,fixed_params
5.209792164459708,0.16616191864399774,-0.7794685017179609,-8.804134227925598,-5.776391925371101,fixed_params
7.027467918362962,0.992866739790506,-0.003109037564370742,-8.413497313118157,-5.520846376661632,fixed_params
6.653683930218638,1.133218404140204,0.05431361910610378,-7.599034339922932,-4.925316306987169,fixed_params
7.243540516541499,1.524198266322619,0.1830414633089129,-9.02148375668253,-6.251570617536247,fixed_params
7.016901266062911,0.659973763019104,-0.18047332931042712,-9.46988238493848,-6.379992446427741,fixed_params
5.490112030394649,1.1924101809517291,0.07642567543865474,-7.548617681384464,-5.378396230603125,fixed_params
6.580728397503693,0.5767911648549751,-0.23898140065360401,-8.058323408511539,-5.081254645610177,fixed_params
7.5644159032891505,0.7861239160243252,-0.10450899110579201,-8.883527072385123,-5.654881267924606,fixed_params
6.640421306397145,0.9457199024136913,-0.024237471260326802,-8.956295721331724,-6.198753056082682,fixed_params
6.832681011344013,1.7761348716368663,0.2494759410505088,-7.563969943444835,-5.038474486765047,fixed_params
5.731487617431468,0.7858509631198287,-0.10465981023529128,-8.50163981052619,-6.026372093029983,fixed_params
7.518603989517543,1.5001737234592694,0.17614155423641176,-8.616065725304418,-5.725227005772003,fixed_params
5.663766835356068,1.2898348988974209,0.11053412341038658,-7.5246768060041065,-5.321828678072544,fixed_params
5.4730952847771475,0.3589162191284095,-0.44500691581328117,-8.060338407419348,-5.3044793515743995,fixed_params
5.827900046551268,0.8108704531721778,-0.09104852429251037,-7.758576004222833,-5.259141306309395,fixed_params
7.4160087960772305,0.556543663377047,-0.25450075761887603,-8.987958134091032,-5.6498522021573985,fixed_params
7.116224875346266,0.7089175440113613,-0.14940427576668125,-8.560745950555265,-5.465333795249427,fixed_params
5.410862296920501,1.1283587119963328,0.05244718641613733,-7.948425615871359,-5.783532424943555,fixed_params
6.695303686888643,0.6166300792510322,-0.2099752941827756,-8.4113086263839,-5.420102769402268,fixed_params
6.330520644222878,1.0496117022190727,0.02102866404838974,-8.364427436560645,-5.785737622866599,fixed_params
5.631323695067991,1.9833585337173039,0.2974012291525026,-6.750994683060237,-4.773868059943628,fixed_params
5.483780237572384,0.835933736188406,-0.07782814737952433,-8.021506813995904,-5.678571506513416,fixed_params
7.226678614666716,1.1456555433682998,0.05905406082412159,-8.14761377492501,-5.243715152962221,fixed_params
7.205322421708767,1.50590377007483,0.1777972205627147,-7.90524584295118,-5.145084507174067,fixed_params
6.42986077697502,0.762908888287696,-0.11752732531722068,-8.321494523400396,-5.544488591189747,fixed_params
5.908967263841503,0.39103606526005297,-0.40778318577264855,-8.441362041972969,-5.548614822795768,fixed_params
6.505863234570872,1.080359831224672,0.03356842834605216,-8.054732917415642,-5.418208690215495,fixed_params
7.139433911994248,0.5445528770508015,-0.263959943095693,-9.144950868805626,-5.909798978960245,fixed_params
7.258800604307817,0.44556012582039056,-0.35109368208707986,-8.77024403161007,-5.386986635288533,fixed_params
6.639604828144357,0.24431199744573376,-0.6120552055744852,-9.445918759580717,-6.020628327685176,fixed_params
5.358949983393627,1.1638110753444797,0.06588248581675422,-6.671717265769688,-4.543436023560618,fixed_params
6.244648192389927,1.2744907688307836,0.10533669421064452,-8.535436844585686,-6.087870902415609,fixed_params
6.0759280807140925,0.9904968606586511,-0.004146896602753941,-8.562345508212562,-6.059709988130573,fixed_params
5.586258643656606,1.096072898066007,0.03983943934450226,-8.080246694791631,-5.828915620776283,fixed_params
6.096038955278369,0.8424919593544649,-0.07443423529300414,-8.4135716949368,-5.822783257863887,fixed_params
5.107792257510597,1.8981845388373833,0.2783384316439045,-7.613528879885616,-5.829969569322496,fixed_params
5.327833625264551,1.2124366460558007,0.08365905450133866,-6.98821393666287,-4.892929118726093,fixed_params
6.3995336339457785,0.9804615011160343,-0.008569454705144667,-8.408783845964543,-5.76808186060572,fixed_params
5.302197876446379,1.0223773595951666,0.00961122352974239,-8.334452158839643,-6.165547694149831,fixed_params
7.733261849072015,0.4544192465902696,-0.34254328268670736,-9.102134104814143,-5.5335351755648965,fixed_params
6.071382896895277,1.04002327104305,0.017043056964660186,-6.907750304836298,-4.431066803373854,fixed_params
7.025322935010065,0.49772587028286985,-0.30300978535784223,-8.85402719424271,-5.62140631730606,fixed_params
5.287448267533355,0.19465307202423798,-0.7107387378351239,-8.53309778678841,-5.551544393989761,fixed_params
5.535982740511133,0.8910979058342818,-0.050074576964659064,-8.00575949877599,-5.672906093728303,fixed_params
5.139789160468717,1.355575256384418,0.13212363296426086,-8.189857403666466,-6.22696336794922,fixed_params
6.497996276504256,0.7761597324463039,-0.11004889242569288,-8.160938954283179,-5.364420905921102,fixed_params
5.699716992028873,1.952409584023466,0.29057093086232105,-7.843373740606509,-5.830366447522895,fixed_params
6.829589292359529,0.9793470182045076,-0.009063394624329748,-8.288588847400439,-5.470521926051081,fixed_params
5.448794211268656,1.651500961973155,0.21787883099716437,-8.223455632978018,-6.2309890632598055,fixed_params
6.3763147145143435,0.29274856002244587,-0.5335052324668508,-9.712183884971125,-6.484412576993839,fixed_params
6.075202461649875,0.20745312788095183,-0.6830800126971602,-8.255244228532508,-4.981266526444864,fixed_params
7.062326025631579,0.4950279150767255,-0.3053703101129897,-7.57931395265971,-4.3287975942314665,fixed_params
5.91271421776261,1.0064424788489956,0.0027889587255848307,-8.23934452278063,-5.8116920687431755,fixed_params
5.794271718027641,1.9795869438236762,0.29657458080085286,-7.890857243818861,-5.845800256983999,fixed_params
5.9017025807956704,1.3095912059531885,0.1171357500791851,-7.844273257565422,-5.551108571871759,fixed_params
6.090826123581584,0.8997439179345186,-0.0458810803976461,-8.62454100564609,-6.068347705456237,fixed_params
5.981631542918273,1.7477679651642748,0.2424837749015244,-8.383167558765798,-6.1996067763488165,fixed_params
7.724219680642644,0.9553109669070181,-0.019855236553562285,-9.330326390163263,-6.132195511471077,fixed_params
5.594781435266311,0.49036644458604717,-0.3094792559238049,-8.697234860198304,-6.045382233142636,fixed_params
7.737311836905204,0.743819783686444,-0.1285322747111259,-8.427840562160798,-5.1008105267229515,fixed_params
7.0213908382372825,1.1595894706242411,0.06430426319335028,-8.16331815559753,-5.349784109160151,fixed_params
5.611018440746865,1.857097669991517,0.2688347451091476,-7.540718318239039,-5.5394723491753135,fixed_params
5.725465509560507,1.2975759658302188,0.11313279278263273,-8.277744323247113,-6.052484284327276,fixed_params
7.193681235772234,1.8041050466116904,0.25626182136312636,-8.23623420580675,-5.570037602983381,fixed_params
6.172829628818597,0.19871076864128237,-0.7017785967313451,-8.316686523409125,-4.981320702261596,fixed_params
5.815736404797104,1.3017990841177303,0.11454396165758059,-7.017209251693201,-4.75644110021063,fixed_params
5.814159965687135,0.7791449079462109,-0.10838176329169395,-8.2112568644815,-5.697770889918672,fixed_params
7.158682140150246,0.8127123094874731,-0.09006316229466643,-8.935316543779685,-5.889893510574451,fixed_params
7.635143029653177,0.40728031917361524,-0.39010657562676426,-9.075897726893228,-5.493579198801267,fixed_params
6.684966119235685,1.4740273615349835,0.1685055451603262,-7.838681390905287,-5.28188736839121,fixed_params
7.730112283880757,0.5161825629741497,-0.28719667033072727,-8.99623136977829,-5.49183139889508,fixed_params
6.027163242073946,1.544362146118765,0.18874914808461024,-7.0498963419621745,-4.786544650155913,fixed_params
7.5651166246142845,0.2875658737690135,-0.5412626541486311,-9.563797816914278,-5.838472159915135,fixed_params
6.00412373058885,1.116129571050662,0.04771461460684095,-8.624033839068952,-6.209861496682091,fixed_params
6.992520304110187,0.6342343662697827,-0.19775022923267363,-9.765909315809614,-6.666406788696829,fixed_params
5.3111075650601,0.5936923558626661,-0.22643854283414874,-8.177514560258683,-5.736665127235588,fixed_params
7.238628808228053,1.006849452637621,0.0029645383028160115,-8.90614282901799,-5.9335827999231,fixed_params
5.685113840643395,1.3932207380844872,0.14401993030574167,-7.235570331053438,-5.062004316276273,fixed_params
7.394496487226897,0.7833531487275034,-0.10604240656601069,-8.590527217531543,-5.429995513525607,fixed_params
5.300868449691892,0.6847515166852371,-0.16446699713562962,-7.5051982336718215,-5.138991958357907,fixed_params
5.165423635142313,1.227147796890258,0.08889687202479017,-8.515828265692694,-6.493266124821156,fixed_params
5.999734799574726,1.8588728196122681,0.26924967722211557,-7.6297457677542635,-5.469163163112688,fixed_params
7.381902049310588,0.2942241274522822,-0.5313217164156182,-9.340606597375755,-5.701902078154121,fixed_params
7.225150333931917,1.911571417280169,0.28139052812082954,-7.45062354287572,-4.800049429707381,fixed_params
7.183799040603982,1.013993448148096,0.006035148841182184,-9.130804801505004,-6.1842761656928005,fixed_params
6.572086421169165,1.2859124600948493,0.10921140451994056,-7.791188646408555,-5.21341080667825,fixed_params
6.3287941078244,1.0238548158694818,0.010238377404447217,-8.701464888807312,-6.1112211996047465,fixed_params
6.870701403586415,0.26246223824553266,-0.5809331718819883,-9.299067166540834,-5.8141405164071,fixed_params
7.290776886707651,1.1355904585064538,0.05522173482651699,-8.21622405515674,-5.281617865829063,fixed_params
5.605897470958106,0.2188625948873946,-0.6598284559839046,-8.69304950908818,-5.638437981311172,fixed_params
5.799659804916954,1.1926278658652845,0.07650495246078808,-7.5285731630573425,-5.23118120498637,fixed_params
7.476467630674117,0.3921591579389988,-0.4065376386267761,-8.680296607122163,-5.144537662806555,fixed_params
7.7312978973680355,1.8493514845441952,0.2670194602619913,-8.105017172722917,-5.230023354031884,fixed_params
6.318852128457669,0.6720274866261238,-0.1726129634849775,-7.781285245327529,-4.987309441751664,fixed_params
5.498774932408972,1.973227160889605,0.295177084766637,-7.989495078344553,-6.064333766725156,fixed_params
5.888934257288784,0.9755663131955892,-0.01074320451027118,-8.363281735763227,-5.930025686017066,fixed_params
6.3101207756033215,0.6359158154065224,-0.19660037385524526,-8.029575373180727,-5.211926326266202,fixed_params
7.180615908718847,0.7112683210310058,-0.14796653378465158,-8.812429114014249,-5.692178720435567,fixed_params
5.528182978830171,1.1382687512424081,0.056244813378672355,-8.587951678328867,-6.379142050876219,fixed_params
7.5226466821546865,1.8854882794375265,0.27542383709092155,-8.030603265854657,-5.2509416649777005,fixed_params
5.804632144541228,1.6545965504769629,0.2186921145698755,-7.486252159597644,-5.348418607086526,fixed_params
7.558078106936598,0.43015091742437683,-0.36637914650052583,-9.736610805092008,-6.212942417687028,fixed_params
7.447802323338708,1.4756833902146287,0.16899318903698743,-7.532737423039554,-4.662882066287489,fixed_params
5.09027026462217,0.20329505636596046,-0.6918731822035182,-8.16354003434049,-5.284491655549694,fixed_params
5.560617305552679,1.5339929966127095,0.18582337686237682,-7.830697349115453,-5.755825729285057,fixed_params
6.843187485375453,1.407759324728501,0.1485284127061531,-8.001120259484678,-5.356573629848562,fixed_params
7.4608267844471,0.5747425993642943,-0.24052661218733454,-9.732278721791866,-6.391629611436608,fixed_params
6.8916889132938435,1.531021532210542,0.1849812986371657,-7.532982732647171,-4.909926778433238,fixed_params
6.630764303310004,0.6342122366457064,-0.1977653828443461,-8.336646795816995,-5.385851388086183,fixed_params
5.640467198074337,1.1349287569703543,0.054968600361085626,-7.80977783437964,-5.553355684173017,fixed_params
7.345855761425199,0.9759481060863819,-0.010573274381978665,-8.845952071230755,-5.813922747432416,fixed_params
7.438123146209697,1.6616166438636508,0.22053083373283172,-8.154263910745907,-5.346962875311277,fixed_params
5.048335118946791,0.7557856324123284,-0.12160136833770373,-7.488179240445055,-5.274512791485849,fixed_params
5.652238411275947,1.3648874114848497,0.13509682823573432,-7.589798073836043,-5.419606194901352,fixed_params
7.314387869981369,1.6779292855573742,0.22477365402584465,-8.229649467723986,-5.478040382155268,fixed_params
6.97939208634018,0.8362975046739665,-0.07763919905156497,-8.267571927428522,-5.30997867045855,fixed_params
5.644785630153897,1.3701125564281214,0.13675624644669626,-7.6964622899532085,-5.531220391703733,fixed_params
7.178233821301447,1.1730301698802807,0.06930918214453786,-8.452401488750642,-5.580074829128711,fixed_params
6.580493112996271,1.0409954179913958,0.01744881793951575,-8.352034553324112,-5.666507931438741,fixed_params
7.349770124769972,1.2472678559894637,0.09595973005133462,-9.141086624762664,-6.228527975692679,fixed_params
6.7176543336523125,1.1352654599691792,0.05509742480651059,-8.087753025120474,-5.388626452000582,fixed_params
7.394028411306694,1.8748879553655393,0.27297531909283995,-8.59884163454008,-5.869274438374832,fixed_params
5.883414226347046,1.7611401236786812,0.24579391162851152,-8.229922550365252,-6.090502789381721,fixed_params
6.647765825495628,1.210752479282599,0.08305536703317486,-7.483732505943694,-4.845113905357553,fixed_params
5.2672267288446335,0.7342024832354259,-0.1341841509494129,-7.897422764059151,-5.579465127109341,fixed_params
7.64342984555182,1.4228934118984267,0.15317236856066652,-8.653511049065616,-5.685248598108897,fixed_params
6.8469119469688735,0.2439330727667769,-0.6127293134772921,-9.7822698021559,-6.2709855609265635,fixed_params
5.915472902672454,0.25187792003100196,-0.5988099016919857,-8.48644902383186,-5.373916069954462,fixed_params
5.686938870712282,1.3000822771408558,0.11397083798187599,-6.706699390488715,-4.498230818862041,fixed_params
6.790439452578463,0.6834858353728577,-0.1652704813641166,-8.753306665843109,-5.773797992640835,fixed_params
7.051619289458852,0.30893926678982864,-0.5101268885054723,-9.80559787686381,-6.326767441741393,fixed_params
6.9553211131715855,0.2060636295855451,-0.6859986548203872,-9.436392747979964,-5.797265396666238,fixed_params
6.266906684817239,1.21749420351492,0.08546690221728612,-7.780527312638569,-5.301227522660539,fixed_params
5.677690396902754,0.41512256218183236,-0.3818236617918403,-9.301599869146367,-6.5334389549222465,fixed_params
6.619521368348399,1.6755593630609267,0.22415981897707252,-8.237193680561992,-5.770558950213308,fixed_params
6.435922051612246,0.6813054464480355,-0.16665813923780295,-8.457799845485566,-5.622462456379591,fixed_params
5.737650874871666,1.1251420652112396,0.05120736177361553,-8.256131742469279,-5.955480819372985,fixed_params
7.030608114978992,0.574039850004291,-0.2410579577131105,-8.034700669921529,-4.870318225549069,fixed_params
5.665644833346876,1.0551031654344312,0.02329492597343006,-7.16727644876363,-4.864504652816477,fixed_params
5.028912769747654,0.9823082461738915,-0.007752210170080806,-7.290468758284549,-5.2141822871231565,fixed_params
5.11620049591046,1.3455516299939647,0.12890036667895302,-8.360957773925339,-6.40409805995219,fixed_params
5.582035310363031,1.9471326577477266,0.28939554092178305,-7.657311451989232,-5.691349308738653,fixed_params
7.535918465964018,0.152309845730745,-0.817272021757028,-9.517782185784139,-5.490762346246097,fixed_params
6.178814103940959,0.9964943377932045,-0.001525164672628587,-8.578868539734819,-6.0369144668111465,fixed_params
7.160238231956828,1.3434127125795887,0.1282094536671876,-7.920079883891393,-5.12209455430199,fixed_params
7.767300389665255,1.290973219333117,0.11091723311344975,-9.66410821812997,-6.596895361893165,fixed_params
5.268612382675627,1.949005617879048,0.2898130909443809,-8.282244361257627,-6.445610537951181,fixed_params
7.0446241274868004,1.6308881230178194,0.21242416997804456,-8.234771484740108,-5.580031294651455,fixed_params
7.121484835613817,0.8256190870724591,-0.08322027536508989,-9.0468004203104,-6.024447135948887,fixed_params
6.952912887942209,1.6129133212908322,0.2076110288293972,-7.605796170028006,-4.983289736832262,fixed_params
6.585673427837041,1.5196706132125741,0.18174946533548125,-6.950646896368779,-4.4497262289347965,fixed_params
7.279541121222881,0.20528360857841593,-0.6876457266554333,-8.824093039447273,-5.049801084614505,fixed_params
5.44077122325284,1.4838999354627513,0.17140461594194842,-7.500231089870594,-5.4582427085396965,fixed_params
6.152756820716812,1.6555035278992594,0.21893011057618658,-7.281960268076494,-5.001276948005478,fixed_params
7.530321156524792,0.5579650632367283,-0.25339299338950966,-9.257838249228232,-5.8739954955821,fixed_params
6.041510792622281,0.9680525826985209,-0.014101052035008572,-7.61110985722468,-5.111310516321592,fixed_params
6.050357833739254,1.4253033159629065,0.15390729552455323,-8.745040046024553,-6.43255318452988,fixed_params
6.932973154314188,1.0800882009587387,0.033459221806966706,-8.16629207684915,-5.3540512275423655,fixed_params
6.074201286691282,1.022682959498786,0.009741019557332213,-7.207284890604289,-4.721143578296785,fixed_params
6.437690578176725,0.41020412909891685,-0.3869999723541727,-9.638062303359156,-6.551568634841794,fixed_params
7.516814022870438,0.9919198249273189,-0.003523429659143692,-8.921665349810983,-5.82736452777007,fixed_params
6.721689020883861,1.2664615594337625,0.10259201230330751,-7.973506966303768,-5.326701569253665,fixed_params
6.666162416367139,0.40610554001247606,-0.391361085909035,-8.599726128904635,-5.414346996355886,fixed_params
7.50214515345478,1.965995102061437,0.2935824315274798,-8.070357126510288,-5.319762195101836,fixed_params
7.087739201725464,1.0058073228870752,0.0025147932235353755,-8.713646765754936,-5.802608987171951,fixed_params
6.633044953860733,0.4524892806939806,-0.3443917046147894,-8.621413977533294,-5.503033009865544,fixed_params
5.420545754184002,1.8450216489314233,0.26600146640635064,-6.17833772666004,-4.252178316251579,fixed_params
6.125317895240023,0.5014860868248338,-0.29974111149504806,-6.938247159723878,-4.079349408896256,fixed_params
5.765553434015416,1.4986876825163562,0.17571113792378798,-7.8885675678089555,-5.717950000243474,fixed_params
5.484373408295253,0.7365033987266578,-0.1328252446871653,-8.27126712832713,-5.86558108267246,fixed_params
7.484668130644074,0.8757769063588261,-0.05760651104291416,-8.856677417659567,-5.714124293514843,fixed_params
7.6604784431234,0.16945494088187824,-0.77094576370207,-10.503825807361036,-6.478249184968075,fixed_params
7.67588584886037,0.2674362981070545,-0.5727796479425813,-9.293059956591947,-5.486374500602102,fixed_params
7.509800219796229,1.893815883833876,0.27733775475082145,-7.727302794996579,-4.955097864330617,fixed_params
5.547552423428441,1.9816490579781634,0.2970267451651268,-7.456788883497289,-5.513676504571028,fixed_params
6.336175249825745,1.037606221794146,0.016032567242141485,-8.186790109985655,-5.600097280167946,fixed_params
5.679900339619821,0.24105891497020387,-0.6178768025722958,-8.500397950293902,-5.463042617545551,fixed_params
6.70080872592626,0.6333282120362898,-0.19837116559847368,-8.153716231012236,-5.17343581066694,fixed_params
6.583692244617634,1.264357935429802,0.10187003864286022,-8.051696932491861,-5.460803912540071,fixed_params
5.569877266745605,1.7079526780042595,0.23247583358581334,-8.790319931801161,-6.764664162176805,fixed_params
6.4741728792337865,1.6982938705662007,0.23001284216382759,-6.811604963083715,-4.411377833670272,fixed_params
6.362342027042009,1.1245784555577636,0.05098975912891973,-7.6666548880261445,-5.108934977767345,fixed_params
6.201649916337107,0.6939190814787233,-0.15869117005838976,-7.981987284524717,-5.2520181952416225,fixed_params
5.406060364231325,1.582380164499146,0.1993108303055824,-7.249827551122845,-5.253826192301789,fixed_params
6.465656218473336,0.4786323979724423,-0.31999790792808197,-8.943659057889361,-5.921819319943107,fixed_params
7.466295822190386,1.6440170960259346,0.21590632942734134,-7.60799464495835,-4.783855346104942,fixed_params
6.4651764521566815,1.0986285210721887,0.040850869383580554,-8.815562497868072,-6.204042180701434,fixed_params
5.456264634516542,0.543148792039885,-0.2650811819949232,-8.398029907593044,-5.853584576846409,fixed_params
6.9703793627001325,0.762167590995021,-0.11794952230653445,-8.944410441848131,-5.944707833954425,fixed_params
6.655202209598523,1.7543460766461014,0.24411526996053506,-7.743558159288161,-5.284934739195786,fixed_params
7.429583861537209,0.9945951939209734,-0.002353643694829299,-7.85249320068601,-4.795383771946304,fixed_params
6.08333657363129,1.8124165271414365,0.25825801378832314,-7.873718688374302,-5.666273343841796,fixed_params
7.363209223737764,1.2168985793695315,0.08525438410056226,-8.565814051328971,-5.63556320286911,fixed_params
6.283668834915263,1.2193104354640336,0.08611429072500693,-8.336585324902714,-5.851130104658628,fixed_params
5.5434083053715835,0.7216027853181808,-0.14170179912744826,-7.879780618699013,-5.439735638528395,fixed_params
6.733111454534558,0.7094595262401,-0.14907237544535815,-8.624005103598115,-5.686474927522238,fixed_params
6.3392069860908205,0.9662697783011447,-0.014901603532465923,-8.92125067657573,-6.298153256782365,fixed_params
6.591367826212268,1.7997822909186978,0.2552199742305232,-7.098628331281253,-4.678869400720437,fixed_params
5.081178950714698,1.8614398120284965,0.2698489982624467,-7.550067195701998,-5.767800436285774,fixed_params
7.6135057400088115,0.6319125114941446,-0.19934304577689616,-9.129418879898052,-5.77280785419535,fixed_params
7.0630096657853905,1.0947242357080953,0.0393047328808582,-8.495354222572578,-5.636296752342347,fixed_params
6.79575589444173,1.6568196236834936,0.21927522978145175,-8.320837917392561,-5.7761984579122725,fixed_params
7.440261055205554,1.0346263385195722,0.01478353006389414,-8.141340576165195,-5.099318793935003,fixed_params
7.66013944830781,0.9320325652283206,-0.030568913126831795,-8.644857947766958,-5.460894980829852,fixed_params
6.969715300831398,1.3967386524053262,0.14511515168584885,-9.294784535542552,-6.594340727819389,fixed_params
5.859414945359209,1.828914227749685,0.26219333845154985,-6.889397180987155,-4.778482698278672,fixed_params
5.089070512019352,1.1387913362350814,0.056444154435920865,-7.571605988028239,-5.543549886054737,fixed_params
7.4515850695920705,1.4661800388434085,0.1661873025529814,-8.116339063840098,-5.241739526240774,fixed_params
6.478211988463293,0.630516173904099,-0.20030376849263165,-8.634608511488317,-5.743645081757751,fixed_params
7.025996334461901,0.881832763293352,-0.054613769590915906,-8.187095020063136,-5.2365114458205495,fixed_params
6.8553321023678135,0.6430517919460657,-0.19175404721487907,-8.988696870539552,-5.952409811693771,fixed_params
5.882290845786326,0.9408842643271915,-0.02646379469741339,-7.385750435933046,-4.93735839600986,fixed_params
5.588081162066781,0.7939741798289253,-0.10019362067133063,-7.263392875288822,-4.852158150184211,fixed_params
7.417117266335632,0.6960033475487994,-0.15738867156978947,-8.848780747398425,-5.620591711071836,fixed_params
6.109427845868685,0.9637933655896644,-0.016016067553088275,-8.414560093618968,-5.884662332888662,fixed_params
7.1815777459957655,1.8960906177533243,0.27785908925194003,-8.280989994919254,-5.644315697592915,fixed_params
6.200606239540205,0.6883663251671783,-0.16218038348072022,-7.887550853675321,-5.1540451778286505,fixed_params
5.893792849337412,1.532354292137788,0.185359189142159,-8.525254896891308,-6.312881298430364,fixed_params
6.293075583239116,1.8797110576498757,0.2740910962251777,-8.444530347074979,-6.168852623965353,fixed_params
5.278362971946024,1.90777642357849,0.2805274774459142,-6.563546263719857,-4.712350248088944,fixed_params
6.174575382950338,0.29313359684574203,-0.5329344030268316,-7.44762678882064,-4.303442892563769,fixed_params
6.435439404762455,1.2263900939033134,0.08862863387134863,-6.951464686228688,-4.406471551820083,fixed_params
6.517035095212043,1.0771571645495226,0.03227907443714715,-8.064846321116175,-5.422263729399906,fixed_params
6.713243571102573,0.615481871385829,-0.21078473440292844,-8.04744709899452,-5.047945867570365,fixed_params
7.376028255960296,0.9119601147284797,-0.040024155456802435,-8.685565144836803,-5.607659012269316,fixed_params
6.548823225387244,0.5492625140034091,-0.2602200396405595,-7.47795544655116,-4.489864722934756,fixed_params
7.010166531803372,1.534919991490448,0.18608574257555227,-8.623790309006862,-5.953281347550627,fixed_params
7.7671861541712,0.8185951106273899,-0.08693085367301902,-8.771962558746022,-5.47993269652602,fixed_params
6.3374289116198375,1.6526537278284779,0.21818186757820035,-7.96820423332529,-5.610748509351358,fixed_params
6.986124755170165,0.5111161167972595,-0.29148042441404587,-8.557428939178445,-5.354026812178118,fixed_params
6.720552108681571,0.22403651360892374,-0.6496811943151486,-8.616288938113165,-5.114955870240865,fixed_params
6.95902386598441,0.6750402025927196,-0.17067036162193738,-8.841810412114121,-5.786856454164693,fixed_params
5.44459005284433,1.934663729518459,0.28660548971373356,-7.525210050437206,-5.612583074408879,fixed_params
7.473398899690607,0.7578365652840462,-0.12042444403597898,-8.831237694887548,-5.621921917397248,fixed_params
6.451611097618429,0.762108318543459,-0.11798329794845618,-8.433319628099252,-5.646853516188957,fixed_params
7.3988772655263215,0.3794211075334541,-0.4208785125872614,-8.905576123231167,-5.38541686097266,fixed_params
5.958788543202324,0.4960261266339806,-0.30449544779581383,-9.361042102991192,-6.565204003711202,fixed_params
6.495052868865814,0.5604498383574443,-0.2514632517566767,-8.478393357960737,-5.52236110185454,fixed_params
5.756932555582652,0.4954180846393044,-0.3050281440648691,-7.324572565372899,-4.611115626574801,fixed_params
5.920066567682355,1.7594397446893084,0.2453743981976219,-8.620619732838282,-6.465654743392927,fixed_params
5.821214487551487,0.5425928237797389,-0.2655259544252703,-7.5651308695277875,-4.87014264148879,fixed_params
5.459732957411555,0.24471647173009115,-0.6113367975434753,-7.826063684050476,-4.886656121507465,fixed_params
5.266184830122429,1.7720673301487964,0.2484802189937911,-7.507281427231444,-5.624668795440895,fixed_params
7.1853341610468275,1.5695068438862212,0.19576321379556444,-7.793606257219084,-5.062081676635767,fixed_params
5.212156022732882,1.0797300747883705,0.03331519837426595,-9.041307506238935,-6.936361573021812,fixed_params
6.694110592964884,1.1248966160145013,0.05111261030730226,-9.401096990581133,-6.70712073362859,fixed_params
5.218511976918585,0.1636049942927618,-0.7862034429588206,-9.165040631425867,-6.126058870310678,fixed_params
6.699436490777729,0.43776375420430297,-0.3587601998277457,-8.440810824793143,-5.2788046190862605,fixed_params
5.944824823283316,1.9234825327297604,0.2840882468042468,-7.473925391850026,-5.352782013329218,fixed_params
7.183071766058119,1.938388416560107,0.2874408058761182,-8.759369377734794,-6.132970948939114,fixed_params
6.3133015128483505,0.41803172843026776,-0.3787907542076368,-8.2631412837194,-5.2371163534356295,fixed_params
6.4490045517378825,1.271899373124674,0.104452753273575,-9.045231142962997,-6.512646015847526,fixed_params
7.6874213377805365,0.4530839695064011,-0.3438213032546492,-9.447169384818508,-5.895963774603497,fixed_params
7.01720471465566,0.5435410918913939,-0.26476761752601197,-9.123733463382562,-5.937914214703609,fixed_params
7.377000440738852,0.8536598050101718,-0.06871516706520639,-8.49792661397054,-5.38701206922356,fixed_params
5.9425709057297,1.505675534978884,0.17773139381010725,-7.79788039774359,-5.556783910298504,fixed_params
7.506497074941157,1.406241891926817,0.14806003141874882,-8.492444322767753,-5.5746669556515,fixed_params
6.494263951933689,1.0820387712339294,0.0342428225369827,-8.415334293259743,-5.784345219759886,fixed_params
6.673085680837479,1.3061386946952618,0.11598929573129259,-7.172265138474575,-4.5606681051436375,fixed_params
6.6470033636702395,0.47993798468083404,-0.3188148764804629,-9.259177329969678,-6.164127119893736,fixed_params
6.015309423073799,1.902705589594664,0.27937159401163725,-7.073815223260221,-4.918333663766141,fixed_params
6.870929783509565,1.9042494513403816,0.27972383913485693,-7.95484889612171,-5.448006894072187,fixed_params
7.046826558237061,1.7411967432697666,0.2408478461827578,-7.551931450401267,-4.928590691758968,fixed_params
6.967774184593916,1.2816094196073358,0.10775569074114086,-8.18583132527017,-5.4437247012200825,fixed_params
7.680665043181887,0.8599042128648826,-0.06554992333909875,-9.045299915178969,-5.813140891285977,fixed_params
5.151625507611125,0.9792184595475899,-0.009120408102831917,-7.6393456229777446,-5.511054733784388,fixed_params
5.4502446205134385,1.5024048843208695,0.17678698681644026,-8.110238015949108,-6.070472278285366,fixed_params
7.006746817459666,0.9578243566772959,-0.01871412340528051,-8.367582403504116,-5.465714342300125,fixed_params
6.582944463651608,0.6682421685059867,-0.17506612227522622,-8.480957088929841,-5.575620083232139,fixed_params
5.861259542528378,0.16396074227722915,-0.7852601242285844,-9.526905147192398,-6.2247505289838365,fixed_params
6.088820708338119,0.6627388791297109,-0.17865755106845957,-7.032504705176569,-4.32622895229045,fixed_params
6.803102741265436,0.5154134638636765,-0.2878442408000026,-8.881351476294068,-5.757325662046158,fixed_params
7.4657651459218,1.7428746131144242,0.241266143970996,-8.48891951887873,-5.6938210527534,fixed_params
6.817661011731259,0.7624237424255431,-0.11780358791557269,-8.056689580555783,-5.119938071311938,fixed_params
6.744114052069485,0.9182476653586624,-0.037040167173399995,-8.862011624263609,-6.047288135994323,fixed_params
7.623860235386086,1.6350012543148913,0.21351809017173418,-8.122932597330825,-5.231301408736595,fixed_params
7.450536722046454,1.2947373680386993,0.11218168256473361,-8.09496826659974,-5.15941971043765,fixed_params
5.733305674457497,1.2538772330040697,0.09825501684642036,-7.762856407233917,-5.517463821005439,fixed_params
5.069447231155676,1.6256291332166548,0.21102147374965421,-7.377632994683863,-5.533329012490207,fixed_params
6.397284636803497,0.6261166327499187,-0.20334475905538563,-7.79381587392543,-4.932666887801688,fixed_params
5.142702674328068,1.1903275340671402,0.07566647959904331,-6.838427064686098,-4.810168931661497,fixed_params
6.157429978583185,0.7838773698329584,-0.10575187324727962,-7.8248138470199,-5.173192447403095,fixed_params
5.25314505872322,1.6540840490647124,0.21855757360685907,-6.7592737736231285,-4.848013483004409,fixed_params
5.289955843727375,1.976467223878106,0.29588961675290665,-6.688152285112445,-4.849650051433258,fixed_params
7.729282119410106,0.22363359417162923,-0.6504629562978108,-9.438594430978684,-5.521665959090261,fixed_params
6.324117300797318,0.5485032130560618,-0.26082082404472934,-8.787417228235583,-5.8910242961379415,fixed_params
5.5048566511861345,0.8737559508430801,-0.05860985340991132,-8.47104939853612,-6.141291727127005,fixed_params
7.5716603041986,1.3748298517718343,0.13824895343247934,-8.103949628201681,-5.148231728491341,fixed_params
5.228182976381232,1.4350365006268369,0.15686294763392672,-6.814894796705164,-4.843777921141129,fixed_params
6.245298728834975,1.4539633061103145,0.16255344630644591,-8.496229749888073,-6.113425981286483,fixed_params
5.754285916578102,1.3960845843597682,0.14491173161655907,-8.097046013161057,-5.896055700148567,fixed_params
6.40407650911918,1.2497073334984423,0.09680831834521178,-8.077189128407692,-5.554386448722438,fixed_params
6.479708502625691,1.3144491323818837,0.1187437840876399,-8.866612720763158,-6.337647103339033,fixed_params
5.500055982956272,1.3653554779360833,0.13524573709634444,-7.04385986863759,-4.936402141625313,fixed_params
7.227892786904391,1.7372647215543637,0.23986600057179988,-7.844671951581104,-5.145775722567434,fixed_params
7.1320414931532925,0.7495642078911176,-0.12519115942884576,-8.9231755728022,-5.84878030788579,fixed_params
6.7679828457797635,1.8117834315928993,0.25810628380147116,-7.288203373877112,-4.799115290811231,fixed_params
6.729691014540738,0.9174118976769108,-0.037435631915040915,-8.754427565081484,-5.945184179802583,fixed_params
5.718685496763802,1.7069501211724185,0.2322208307713981,-7.469515096752547,-5.382391787354055,fixed_params
7.193154513022423,1.9218868369383255,0.2837278122918901,-7.777792291895937,-5.143028668304951,fixed_params
5.308847232500527,1.4272367669707267,0.1544960250132906,-7.28839204735148,-5.281422535176624,fixed_params
5.579279470928013,1.0671685037761935,0.028232999070550602,-8.151335318384568,-5.889682223030018,fixed_params
6.997867532991162,1.461055988915862,0.16466685878939732,-8.086819360270308,-5.397023133688921,fixed_params
6.660031341508528,0.2465160778784043,-0.6081547506010924,-9.328577281737807,-5.899322202706304,fixed_params
5.113614433257758,1.6213646629390281,0.20988070349202412,-7.431866190225703,-5.568107742863793,fixed_params
7.286463837017296,1.3387907909469399,0.1267127163428333,-9.565691097616211,-6.714111056385893,fixed_params
5.27221574976666,1.7575581769666542,0.2449097095196983,-7.360512637598722,-5.471362529588931,fixed_params
7.44785672692679,0.9935528299138421,-0.002809035318071821,-8.647955734000746,-5.58281642976464,fixed_params
7.685487885505115,1.4212080220099843,0.15265765019981034,-9.093932958068681,-6.107794694530407,fixed_params
6.966301004843414,1.4900871298854135,0.1732116636620137,-8.851642440861042,-6.184535363042205,fixed_params
6.442592471063984,0.3896937515313973,-0.409276557761814,-8.479899171538557,-5.366071825023639,fixed_params
5.290274771603472,1.5355196354396834,0.18625537435028988,-6.941300569958092,-4.978062572310368,fixed_params
6.547184927819183,1.7171607434598664,0.23481095138110417,-8.929122192226988,-6.504331792217933,fixed_params
6.329324412057883,0.6013511358367009,-0.2208718643942284,-8.32975551589059,-5.476625782515252,fixed_params
7.1343546182576105,1.4377115604019017,0.1576717648432205,-9.083675344274239,-6.329816578935479,fixed_params
5.7090384583687,1.9347251768962492,0.28661928323914515,-7.338828358244523,-5.3174976044854,fixed_params
6.1925137277826705,1.1683728622770972,0.06758146108807443,-9.143699961669753,-6.674656769334132,fixed_params
5.848596776301241,1.7400957152929455,0.24057313763908367,-7.0677740967417915,-4.936734746803673,fixed_params
6.089730080910147,1.6607987554020391,0.22031701070941084,-8.496266366170003,-6.24307074206222,fixed_params
6.774678032922206,1.8420809900767998,0.26530872074150375,-7.171081088285718,-4.687426414180449,fixed_params
7.432734894675438,0.35682136306938483,-0.4475491520946542,-9.00976512311879,-5.4453739072636225,fixed_params
7.422986369809383,0.8472072757236613,-0.07201032321092331,-8.231505165964137,-5.097939880652965,fixed_params
5.466825437784103,1.1089062572280166,0.04489483407579604,-8.201834324759282,-6.0053500731361495,fixed_params
5.685457141434897,0.7699892834424553,-0.11351531920958853,-8.337522645782087,-5.871114161197615,fixed_params
7.427818459295504,1.2751708823974135,0.10556838736563093,-9.560259882952177,-6.626534878143964,fixed_params
6.884427220008194,0.6465093228018701,-0.18942520811968097,-9.447911897420639,-6.402310155796579,fixed_params
6.008008786349714,1.0267901223500588,0.011481682136630743,-8.702176637395286,-6.245226589874119,fixed_params
5.588503573959705,1.2342701023802605,0.0914102092411534,-9.156899646737605,-6.963258329263544,fixed_params
6.33232952902733,0.9941690060674309,-0.0025397804282662148,-8.527024921528044,-5.920804759965394,fixed_params
5.610685580227589,0.37432722532668466,-0.4267485849102751,-8.304908589474408,-5.513235190686037,fixed_params
7.02167281135152,1.3841542827678686,0.14118450082907602,-8.152002183145749,-5.425730340610939,fixed_params
5.440975130367921,0.6256973803254348,-0.20363566332612223,-8.066271988690461,-5.597948265235994,fixed_params
5.925636757961486,1.4663030789732046,0.1662237465134801,-8.415473328382072,-6.1682597703603355,fixed_params
5.9871020510783435,1.523314528672036,0.18278958420508307,-7.6866493576361155,-5.432994201647045,fixed_params
7.767296684197386,0.23590338957360685,-0.6272658189171274,-9.3756717470858,-5.469479484301155,fixed_params
6.006042976122396,1.14174397700488,0.05756872926923353,-8.214344164584766,-5.810582466570131,fixed_params
5.178632006887604,1.2510882339446898,0.09728793972060394,-7.412360133615649,-5.393904652028055,fixed_params
5.602796717581948,1.483686890771408,0.17134225946213782,-7.606164766114217,-5.497493943907261,fixed_params
5.909293937625133,1.8151259297234252,0.2589067608800029,-7.927985636532458,-5.792829655531764,fixed_params
7.689021453810623,0.45228611059522195,-0.3445867489431635,-9.15845716983123,-5.60572375714364,fixed_params
7.257263062412887,0.704553660401205,-0.15208592444439198,-8.468693464877514,-5.3122501719883175,fixed_params
6.596808140378636,1.5015805240509355,0.1765486267203346,-7.544216336718244,-5.032806984464765,fixed_params
7.457338010882287,0.5104191692243198,-0.29207302368341714,-9.928995806660975,-6.531195990414175,fixed_params
5.517706407591701,0.577718968485186,-0.23828337285463105,-8.682516680103248,-6.143268553939311,fixed_params
7.0633440549892015,1.16420890613773,0.06603091729182403,-8.411159906585358,-5.582340571031659,fixed_params
6.218897618609615,1.1446211811623788,0.05866177824616773,-7.892790839798592,-5.402763106272627,fixed_params
6.022856627457395,1.2411797293155797,0.09383467416456467,-8.548091182001004,-6.178635101792717,fixed_params
6.023476972296851,1.4599105654027815,0.16432625157776337,-7.893438415356236,-5.60384440543414,fixed_params
6.05586633377016,0.864140483099511,-0.06341564863757053,-8.116899037675623,-5.555149441070447,fixed_params
6.79982731524795,1.5305118540722096,0.18483669763032304,-8.605196107796294,-6.019741748397002,fixed_params
7.6624419428042065,1.5397633499860037,0.1874539781788341,-8.194455813061753,-5.257339866072348,fixed_params
6.977955944257039,0.9083059857746165,-0.04176782378330106,-8.42294429302151,-5.506711021768385,fixed_params
6.305447162587981,1.7748679454938474,0.24916604602390738,-8.455568742170957,-6.146476310762268,fixed_params
7.767695457961981,1.2673729103110831,0.10290441998336022,-8.286258172820672,-5.209775945248412,fixed_params
6.335182815672494,0.9184824465183512,-0.03692913925263615,-8.53860535177514,-5.892126974843691,fixed_params
5.352791481380866,1.3210233393219515,0.12091049062678587,-8.804945920049772,-6.7417385508177015,fixed_params
6.656850482770337,1.2244667475314523,0.08794699561860309,-8.687453837484284,-6.050659946032933,fixed_params
5.030336770684445,0.9182974596005296,-0.037016617123706304,-7.693316422297457,-5.58318409758886,fixed_params
7.182920241117911,0.8976521895374407,-0.046891905453755475,-9.405231123349456,-6.398909607095628,fixed_params
7.1972751303161075,0.18575310878844736,-0.7310639090970233,-9.557873263909993,-5.768055449391752,fixed_params
5.1375085295820195,0.5347484200700745,-0.2718504898903513,-7.833526600982623,-5.412433940982284,fixed_params
7.779341210149671,1.9106651904214216,0.28118459145501035,-7.734802637400856,-4.8561567165174235,fixed_params
6.291712722781477,0.33579292676436345,-0.47392845620142227,-9.613353694086856,-6.488075676318111,fixed_params
5.131600696915892,0.33985786887529507,-0.46870267021852763,-8.114637928186754,-5.472242009415011,fixed_params
5.7261032341929505,1.7759650665020463,0.2494344188893131,-7.495966185910661,-5.425357392233737,fixed_params
5.635191457812991,1.704345524083144,0.23155764441589372,-6.440398973115362,-4.38684780832728,fixed_params
5.595982667871284,1.2368621003261213,0.09232128216278257,-7.734218875873323,-5.538538248209493,fixed_params
7.246756194608412,0.22738937881807325,-0.6432298247337225,-9.744080697619243,-6.033748042773081,fixed_params
5.121747885974953,1.6065259146789725,0.20588773549681436,-7.177729031285586,-5.30608857421938,fixed_params
6.7456242205186285,1.453031989953945,0.16227517583108328,-8.392783698655986,-5.8039709314733985,fixed_params
6.852067387704301,1.4205929469017535,0.15246965411383945,-8.609394109600789,-5.965676206272171,fixed_params
6.685379165190823,1.493096683272186,0.1740879307338031,-8.44407612425677,-5.89345694381193,fixed_params
6.014719147244891,1.158412171411206,0.06386311199961327,-8.443822662922074,-6.043647908272131,fixed_params
5.670275225814947,0.5360246989985831,-0.27081519838249524,-6.836010279237398,-4.197064390085638,fixed_params
6.498877472154097,1.9695208493893492,0.29436058262006193,-8.161589422720755,-5.824340130352745,fixed_params
6.445007365496441,1.9174557533148537,0.28272535107582303,-6.437120837879621,-4.108794500518187,fixed_params
7.610370151500371,0.6101018002129761,-0.21459769354324876,-9.671213086200325,-6.2985535079576005,fixed_params
7.703629647449165,0.6644087600914517,-0.17756465010038755,-9.663495888605128,-6.294585523181275,fixed_params
6.52700356848147,1.7575533048806677,0.2449085056204364,-7.806245323859722,-5.401228201864528,fixed_params
5.9722282273389915,0.9168375246364542,-0.037707620061410776,-7.940431832298679,-5.442285776982155,fixed_params
6.011329179494009,0.5790665877250234,-0.23727149323495517,-9.048840153974393,-6.307804955155604,fixed_params
7.24480158955245,0.724878824076236,-0.13973458713032652,-8.27981259957143,-5.142530335762225,fixed_params
6.044928354739062,1.394418761862649,0.14439321756048645,-8.987626001138944,-6.666558083079815,fixed_params
5.480784974011873,0.936696873920875,-0.028400929157343012,-8.470398881970118,-6.184871417461268,fixed_params
7.150359962642598,0.776733535867419,-0.1097279435544294,-8.001064226779055,-4.936712609109584,fixed_params
6.798314854695551,1.2798365819380135,0.10715451957487447,-8.085074966635739,-5.411952834381572,fixed_params
6.184198638766251,0.3683089941723453,-0.4337876754656833,-8.65590679908475,-5.620451687274877,fixed_params
6.4041728286724995,0.28448448167840296,-0.5459414189183001,-8.32740424061209,-5.074045634618297,fixed_params
5.844082493183486,1.056300310020656,0.023787407253862986,-7.123842792024712,-4.748271821416556,fixed_params
7.0820401576015435,0.48597109001631833,-0.3133895657579403,-9.049944074256555,-5.782208610717958,fixed_params
7.457940289744917,1.1748780022257859,0.06999277238572049,-8.638961074651151,-5.652419032108124,fixed_params
6.555551408950786,1.5030152275033026,0.1769633805783633,-7.993180591920502,-5.499204005508231,fixed_params
5.720273769294168,0.47924980809165946,-0.3194380523565248,-8.17581701895609,-5.461053599443973,fixed_params
6.365109351208491,1.7993993990862405,0.2551275711095076,-7.552332884351524,-5.225487826513647,fixed_params
6.153203149701145,0.8224978875690121,-0.084865208780176,-8.06039677488548,-5.434251809688539,fixed_params
5.455742522336783,0.47207644478451277,-0.3259876690356435,-7.513809843672215,-4.900355978687767,fixed_params
5.84540284139926,0.9609905606513875,-0.017280878176562424,-8.207104198544723,-5.784314306064276,fixed_params
5.032993308781028,1.388761831610275,0.14262777195336399,-7.2335096342133856,-5.326459742026504,fixed_params
6.911198886310773,0.6913439973709843,-0.16030580358710253,-7.729102890980308,-4.705590459058429,fixed_params
7.230900148276277,1.331211837741652,0.12424717090805139,-7.900127433973147,-5.068588403645152,fixed_params
7.671086295919768,0.25698343108984983,-0.5900948767395895,-8.476252355182737,-4.6518604815710205,fixed_params
7.382504121835446,0.4498591807078171,-0.3469234120302733,-9.61978515731844,-6.190410753935704,fixed_params
7.224604082202393,1.8620201251417021,0.2699843706253213,-8.268085564316149,-5.60477237239974,fixed_params
7.402768950534835,0.36882850902411685,-0.4331755170291127,-9.613567951427184,-6.077832604628714,fixed_params
7.517320922213459,0.9006174773022115,-0.04545962941143791,-8.221007761009417,-5.07883601360617,fixed_params
5.121358106243032,1.3243922893849112,0.12201664362387468,-5.982445660260475,-4.015641874770598,fixed_params
5.732401129932194,0.3323037050944805,-0.4784648164308368,-8.444881467139073,-5.544390623999987,fixed_params
5.791980295288523,1.3228401688653355,0.12150737406423172,-7.75066098500428,-5.50757365049181,fixed_params
5.650339516459293,0.33167523569584834,-0.4792869535698714,-8.873196353664433,-6.005508104187158,fixed_params
5.7033029300176885,1.3231843829266818,0.12162036641585464,-8.112434620426303,-5.905932553234747,fixed_params
5.098712492934112,0.4491600663920979,-0.34759886264319056,-7.242939210739653,-4.751704584550179,fixed_params
6.509560496108101,0.4492362914469779,-0.34752516661691496,-8.443814575163175,-5.3726389379421216,fixed_params
6.180040953260519,0.628107258205431,-0.20196618799959792,-8.813240869000838,-6.042971447765155,fixed_params
5.460003433537657,0.48019073839063287,-0.31858622059017616,-8.827270423166118,-6.220476927638169,fixed_params
7.725576498900082,1.6115427886899951,0.20724184112061506,-8.520729173528668,-5.580147353152914,fixed_params
6.278444281739852,0.36274011351898106,-0.44040441542410125,-7.8668965233491095,-4.785175100595139,fixed_params
5.033160871454463,1.6987171872279687,0.23012108089966177,-7.507660694453273,-5.699982313905218,fixed_params
5.888227850585642,1.4400918034886052,0.15839017853808174,-8.140473500235204,-5.899736180172019,fixed_params
7.497467964490308,0.5211183596529476,-0.2830636258247856,-9.154865111008256,-5.7508067740118785,fixed_params
7.193847684146915,0.593211883362812,-0.22679015766522773,-8.515795955686537,-5.300518862266513,fixed_params
5.50110187203045,1.4309123281249854,0.15561302538943972,-7.7635159651787236,-5.678776667945196,fixed_params
5.299012407470529,1.5021258996655762,0.1767063342917109,-8.28544783504736,-6.307764691187022,fixed_params
5.35050102015842,1.0454882839252637,0.01931917033865712,-8.250191641952519,-6.072462447176013,fixed_params
5.811382231435534,0.5030095580320073,-0.2984237625362786,-8.777821927252468,-6.04948595656923,fixed_params
6.429447812494502,1.2920316689874938,0.1112731587813227,-7.918190290113375,-5.40139700968159,fixed_params
6.853581369381391,0.37724403854285804,-0.42337761450372446,-9.38523950037266,-6.086420753049065,fixed_params
7.5848576757267665,0.3513685086625693,-0.454237164658974,-8.861681193712887,-5.227148338692938,fixed_params
