logAge,Mstar,logMstar,logMacc,c_value,a_star,b_star,method
5.5218434349230385,0.6107465186304775,-0.21413899990734148,-7.6221632692332175,-5.4319011205520855,-0.35392379153206477,1.1018561964370157,bootstrap_sampling
6.246979255632196,1.136709098830951,0.055649336335166284,-8.240681611957386,-6.262291318330028,-0.3251156259708523,0.9452094303089176,bootstrap_sampling
7.729368813224967,1.9764433430504607,0.2958843693224403,-9.045180545799575,-6.117800225931075,-0.42434081652493205,1.1913652429999857,bootstrap_sampling
7.77888943818631,0.8365762043200884,-0.07749449270716108,-7.883501701473699,-4.8988516095441454,-0.37274330759180074,1.0984150018340415,bootstrap_sampling
7.618221672975395,0.7040314613862848,-0.15240793290169719,-9.430807680905088,-5.81343033934229,-0.45175357494572665,1.1536044267495704,bootstrap_sampling
5.36683899823783,0.43570062523484315,-0.3608118168467858,-8.25569190696861,-5.623440526431269,-0.4125328877131089,1.1592020304605661,bootstrap_sampling
6.286104154204435,0.6470596640433213,-0.18905567208228813,-8.290086393505518,-5.253171173422018,-0.4510551194088883,1.066012767415888,bootstrap_sampling
6.449944357831717,0.6213934888502303,-0.20663330172673286,-9.638844071093649,-6.537444186804577,-0.44454437592839113,1.1329896633676846,bootstrap_sampling
7.5228945600416885,0.4178503283871646,-0.37897925218610384,-10.58630983726101,-7.022112200775352,-0.4209732092723115,1.0482383091848355,bootstrap_sampling
5.925468353827039,1.6048042673566987,0.20542207051619987,-8.725253584751954,-6.363087299836589,-0.44083095946537654,1.2168293998585789,bootstrap_sampling
6.763700953535187,0.248270162422846,-0.6050754716405882,-7.964290244360651,-4.849178158071797,-0.36584291938537916,1.0588100387887103,bootstrap_sampling
5.586389079898223,1.6145871052781335,0.2080614797162607,-6.18205215278196,-3.9725742202403502,-0.44083095946537654,1.2168293998585789,bootstrap_sampling
5.214315901255405,0.1600002385106404,-0.7958793699454639,-8.82969371498179,-5.5539704952531075,-0.42904683836701096,1.3048930620219288,bootstrap_sampling
6.660487149965675,1.7079761499732395,0.23248180194588228,-8.649516045972886,-5.530191198709511,-0.5143881539201836,1.3194617361404504,bootstrap_sampling
6.455404111326656,0.6430198333552852,-0.19177563145537568,-7.809127668374151,-4.829691510466529,-0.43125485615613357,1.019481906872123,bootstrap_sampling
5.498836514399525,0.7516184205289291,-0.1240025848301118,-7.657949103414323,-5.263381129107366,-0.4114123996002057,1.0667394481320152,bootstrap_sampling
6.183863349413793,1.8648165352567432,0.2706361114021185,-8.777852739363944,-6.067119412063375,-0.48091266618701667,0.9723938244559527,bootstrap_sampling
5.283626947082864,1.8294472216047382,0.26231988488222935,-7.277564380109661,-5.440568479506159,-0.3990865441298368,1.0354858088666354,bootstrap_sampling
7.454792802693442,0.32794669678546784,-0.48419673913324845,-8.604146418010757,-5.293573329220168,-0.37274330759180074,1.0984150018340415,bootstrap_sampling
5.546056741125113,1.8782056722276106,0.2737431477931112,-8.768312059224725,-6.631666744445656,-0.4475993965245557,1.2631049888444998,bootstrap_sampling
6.0177246834104565,0.677079663347228,-0.1693602304039012,-8.414066329797,-5.808167582708951,-0.40300726186396574,1.0670273614096288,bootstrap_sampling
5.062799162969077,1.4589118729076194,0.1640290586748996,-7.450645759430421,-5.90168291500843,-0.3454046587707822,1.217781620537405,bootstrap_sampling
7.680720716041492,1.5724756850689943,0.19658393874560176,-7.463018669535008,-4.285995937252336,-0.4472614358486062,1.3137769299678297,bootstrap_sampling
7.755595977034185,1.7849237278776893,0.2516196628742286,-7.90092462468828,-4.9569894464478175,-0.4211387964758373,1.2806915556580911,bootstrap_sampling
5.2570917294010755,1.3628252948440276,0.13444018573325783,-8.067346614203831,-6.274545862924218,-0.37193992071650683,1.208876117410945,bootstrap_sampling
6.296981362231932,0.3049431959044393,-0.5157810524657255,-8.9768924545283,-5.450483484631067,-0.4587807587055224,1.2359412582731402,bootstrap_sampling
7.689557836447995,0.45164260664926137,-0.3452050947367945,-9.791401197145419,-6.918440303209162,-0.31939495852664734,1.2078468540379035,bootstrap_sampling
5.754720729706143,1.186441189901071,0.07424621576494939,-7.304337099151511,-5.309763512185626,-0.3609208262979706,1.1101572391872345,bootstrap_sampling
7.268520697675092,1.8924782218759675,0.2770308904582324,-8.960014450655377,-6.337579416442602,-0.4044231329604493,1.144720279403888,bootstrap_sampling
5.519442907565974,1.9155724433841408,0.28229858083857584,-7.450261678297217,-5.360629578343273,-0.44083095946537654,1.2168293998585789,bootstrap_sampling
5.094077617417471,1.0829399063862304,0.03460435778048398,-6.70848357255368,-4.41211171916556,-0.45889032925519047,1.1920782342432332,bootstrap_sampling
5.817796736667724,1.5157659401607144,0.18063214407668127,-7.1557338287681205,-4.903766312389532,-0.42805639925661865,1.319685416705834,bootstrap_sampling
7.594344355124125,0.9953157471498064,-0.002039124790070213,-8.740990491681561,-5.5296522973097,-0.42253396109646246,1.2112020229127438,bootstrap_sampling
7.5818948701697115,0.5705779688458941,-0.24368500133189677,-9.502526438258528,-6.051795161265208,-0.41556350485993576,1.230984548193291,bootstrap_sampling
7.073707434473599,0.25523520976310216,-0.5930594147821873,-8.685936025225613,-5.332049131234497,-0.38400079271823273,1.0750653573732762,bootstrap_sampling
6.707158075785597,1.0309557927254909,0.013240043181675206,-7.968218961417551,-5.528031774915998,-0.3660452338766049,1.1280975289731252,bootstrap_sampling
6.466028964124156,1.2260192603985172,0.08849729287333552,-7.473903072892294,-4.927323430373599,-0.40927120609251233,1.1274901979242422,bootstrap_sampling
6.899532730588293,0.5198333915911912,-0.28413582695500617,-9.087487973566105,-5.547276489204211,-0.4645991935055065,1.1779371357443367,bootstrap_sampling
6.520758326101728,0.9357236731645515,-0.02885238303288694,-8.102386758301082,-5.520461001658213,-0.3911838652026809,1.078257922417393,bootstrap_sampling
6.400078645232128,0.23329246989272184,-0.6320992789379956,-9.624590038562673,-5.4984345872970755,-0.5143881539201836,1.3194617361404504,bootstrap_sampling
5.954112669209103,0.28528478461370876,-0.5447213903987165,-9.85089267210181,-6.518448726756568,-0.4525380509803938,1.171206811314505,bootstrap_sampling
7.242724438811058,0.44673755139416554,-0.3499475405260592,-8.34948687825545,-5.3085043780000625,-0.36648326539457443,1.104866166470547,bootstrap_sampling
5.143543966910986,1.3170009832548135,0.11958609920018959,-7.84463296737564,-6.417151763656536,-0.29808861397291864,0.8843058599070979,bootstrap_sampling
5.1871618729327365,1.107702658924783,0.04442319819173389,-9.05784243382183,-6.419752856685454,-0.5173945700027502,1.0291877105963145,bootstrap_sampling
6.7118258145734435,1.2717883717966798,0.10441484982857974,-7.9112551680459395,-5.492183461231832,-0.3779583222038774,1.1274135544896637,bootstrap_sampling
6.895803799758788,1.2974962930428038,0.11310612573948989,-8.54727547719964,-5.688736250201558,-0.43125485615613357,1.019481906872123,bootstrap_sampling
5.061158384308387,0.5743887854002493,-0.24079404802469476,-8.112705814367493,-5.782078615895341,-0.4074027158716902,1.1158811002694833,bootstrap_sampling
6.838996224012911,1.5811689791836074,0.19897828536892365,-7.8133370744330515,-5.482734860737346,-0.37464942620674435,1.1640657021009702,bootstrap_sampling
6.409734673857181,0.9183630312725042,-0.03698560712979467,-7.997576986267573,-5.490013594917247,-0.3850279563628405,1.0716695526440958,bootstrap_sampling
6.8850363924848645,0.7086782188814627,-0.149550915008987,-8.275752392338024,-4.852369286076008,-0.46817698100098326,1.3371202304882992,bootstrap_sampling
6.195063227389383,1.2287958220079453,0.08947972605822174,-8.422402840794305,-6.075802133558923,-0.3975616577846033,1.2999469784953313,bootstrap_sampling
5.805762054716949,1.3578461294679103,0.1328505586711633,-8.256975218777518,-5.517355244587053,-0.5015220080430716,1.2954214979060161,bootstrap_sampling
7.405251776425016,1.8056573787955346,0.2566353469659958,-8.175357114489739,-5.2370717346354105,-0.43935918505956906,1.2285135680801886,bootstrap_sampling
5.2534143271697635,0.44194737053900457,-0.3546294456857273,-8.265868069705435,-5.529246796715708,-0.4415871151888382,1.1752582884289637,bootstrap_sampling
6.653329413891499,0.5318822642866704,-0.274184491068499,-7.806762389244255,-4.961618886178319,-0.38568675029568666,1.01771803973298,bootstrap_sampling
7.013936411954205,1.5525999388173608,0.19105956471334223,-8.368526322910384,-5.664479102131538,-0.4148767421748083,1.0775271467977063,bootstrap_sampling
7.400986654269822,1.570916024690584,0.19615296989786413,-9.385739188860736,-6.387578439087852,-0.43506968024010817,1.130669331578705,bootstrap_sampling
6.313003779332568,1.5409645279645778,0.1877926416473261,-8.473552923973998,-5.706500342008982,-0.47484263423015705,1.2281139478900478,bootstrap_sampling
7.544003586144033,1.0670988218809807,0.028204640427538598,-9.404294886076961,-5.657347956420415,-0.5015220080430716,1.2954214979060161,bootstrap_sampling
6.588859314874844,1.8569676390714422,0.26880433546021093,-8.006600235588143,-5.2384289539493984,-0.4616121050015174,1.0168211602373702,bootstrap_sampling
7.239724986213873,0.5382245787547091,-0.2690364734734021,-9.417166211036836,-6.173849208851698,-0.40504276783094895,1.1556751076167018,bootstrap_sampling
5.1414164387788075,1.0832375709987054,0.03472371466681402,-8.352774180097883,-6.048699009847802,-0.45571649517913926,1.1218013354958103,bootstrap_sampling
5.233289796948766,0.31234064080112267,-0.5053715030341909,-9.185224594954851,-5.726371570848087,-0.5373221081312742,1.2800300651392291,bootstrap_sampling
6.047253085376581,1.3908841182435818,0.14329094817766763,-8.038365951351986,-5.941685761569372,-0.37274330759180074,1.0984150018340415,bootstrap_sampling
7.370595168582344,1.3955623701652433,0.14474925065145602,-8.753481642942646,-5.653757939168071,-0.4428303887237135,1.1343742307119022,bootstrap_sampling
6.483188401614501,1.1498904934938048,0.060656483539847234,-8.271056312896294,-5.149279523911538,-0.493264998798864,1.2554821134727057,bootstrap_sampling
5.37144633353306,0.33351590376756646,-0.4768834518409431,-8.248355323274058,-5.8514619448366405,-0.35729248520654977,1.001745745069627,bootstrap_sampling
7.421997688357401,0.15425473223277172,-0.8117615037870706,-10.190215890548961,-6.470070980122614,-0.37897139637456334,1.1178407430599009,bootstrap_sampling
6.116161203882225,1.7646831565413978,0.2466667404784644,-7.724558656179665,-5.379963922073955,-0.4259112086312342,1.0554599939912137,bootstrap_sampling
5.621102774595726,1.4884581728323834,0.17273663504366474,-7.28117948397887,-4.909294551353142,-0.45676618660634105,1.132618718659355,bootstrap_sampling
5.963978077907189,1.6525548256844032,0.21815587668852582,-7.916302747572039,-5.493601052988563,-0.4494758473184639,1.1824682850093922,bootstrap_sampling
6.716188013790415,1.1121288003709993,0.04615508765170336,-8.205494595842376,-5.856718798916317,-0.35695893012993096,1.053567298907268,bootstrap_sampling
7.5900203970644275,0.9117067293275787,-0.040144839651366775,-9.136759102046282,-5.920087712812935,-0.4175636265932212,1.1796023282158146,bootstrap_sampling
7.48403733610817,1.8035330741273115,0.2561241110454426,-8.965307797908459,-5.671388228319298,-0.4790715019236167,1.1380007773687915,bootstrap_sampling
5.597998378535053,0.6023302238562573,-0.22016534416020503,-8.97108043294384,-6.487229002273019,-0.40060531650860653,1.0958287706150607,bootstrap_sampling
5.505986263735094,1.928785240258344,0.2852838740083015,-7.751879586553738,-5.775759812072954,-0.4177692875130461,1.1361041177077311,bootstrap_sampling
5.128357346976838,1.1807563792567974,0.0721603006121013,-8.500203183633177,-6.41000111365908,-0.42434081652493205,1.1913652429999857,bootstrap_sampling
5.721549379519336,0.7721864609783353,-0.11227781728584488,-8.009297975329329,-5.267249137890085,-0.45672077380927334,1.1480306667259654,bootstrap_sampling
6.7162103886860685,0.9868739589573754,-0.00573831077992264,-8.28712904306678,-5.800034749498091,-0.36935062365230564,1.125383091831008,bootstrap_sampling
6.973097207594586,0.17119955556226732,-0.7664973670952289,-9.088339549636288,-5.18790131153452,-0.43506968024010817,1.130669331578705,bootstrap_sampling
6.457164343034424,1.4843822857193147,0.17154576293607124,-9.012946442408934,-6.328862083997725,-0.4493377968516157,1.2670883715017354,bootstrap_sampling
5.3118684705745265,0.8447762210128662,-0.07325831927551017,-8.185009446675775,-5.5768906385482,-0.4740801026930761,1.2267229032038713,bootstrap_sampling
6.977620445620138,0.580285065508814,-0.2363586065000472,-8.43093468334642,-5.389307661308113,-0.3967748748664661,1.1553738063759802,bootstrap_sampling
5.447741801936829,1.7540011154061836,0.24402986520710074,-7.19278603059959,-5.056192888313479,-0.4478738766029444,1.2429138418030803,bootstrap_sampling
6.446964903126654,1.27265939788484,0.10471218887634137,-8.10406059788055,-5.6393123133700955,-0.3986621911751591,1.0066914972415546,bootstrap_sampling
6.0093805377142635,1.127688586281661,0.0521891848140922,-7.899725742008091,-5.48547091137051,-0.4111769610360696,1.0857421278167187,bootstrap_sampling
6.223477028801449,1.1875280559401231,0.07464387884094295,-9.62208869455453,-6.478918036090148,-0.5173945700027502,1.0291877105963145,bootstrap_sampling
6.419076329569905,1.4375507204921545,0.15762317665993716,-8.864717078869132,-6.342832682362137,-0.4228679731306144,1.2215043779020043,bootstrap_sampling
6.2183150624167975,1.0658934704584548,0.027713801778792298,-8.62323939255998,-6.350863967663759,-0.370372170787018,1.1083078263265946,bootstrap_sampling
7.062454709259583,0.8317372456085044,-0.08001385015774752,-9.260436743239222,-6.179980421865261,-0.4235374371205154,1.115336330629006,bootstrap_sampling
5.114092078209102,1.5151067896050046,0.18044324439060072,-8.534165883605116,-6.5563822304581345,-0.4342294025907947,1.3461600936539462,bootstrap_sampling
6.70118851501585,1.3314537695298603,0.12432609155104768,-8.601446649132313,-6.473824535591841,-0.33794072160297617,1.1017990440511554,bootstrap_sampling
6.126383593800465,1.2764958312269061,0.10601940082604484,-8.237692522025432,-6.109273282017985,-0.3672794098155592,1.147670234686153,bootstrap_sampling
7.588740476170566,0.15890625163136532,-0.7988590166025832,-10.388230055163348,-6.086302506251489,-0.44617348487744835,1.1466763794242816,bootstrap_sampling
7.139634130753575,1.3158437320575633,0.11920431607520302,-8.389859562638554,-5.473450630714958,-0.4311562538898137,1.3580798025286285,bootstrap_sampling
6.029998952329076,0.761545719904984,-0.1183040183865012,-8.24973164060529,-5.722101234895718,-0.3991222646918686,1.0221425224233442,bootstrap_sampling
6.713439847281253,0.9944894859127946,-0.002399804026919415,-9.075131986152181,-6.0529463960071235,-0.4497611229229257,1.1423206751783468,bootstrap_sampling
6.073904102191557,0.9911659958999475,-0.0038536057909241434,-7.315635038944435,-4.966223900732788,-0.3861218294143818,1.0754017952964077,bootstrap_sampling
6.647093351727455,0.6823647525885665,-0.16598341465360433,-7.645961215313193,-5.378941895402491,-0.31290883978563144,1.1271309947762695,bootstrap_sampling
7.0700711682657875,1.6375666495339984,0.21419898496048173,-9.217509790612759,-6.1504212371403515,-0.47214359844106113,1.2651800810213771,bootstrap_sampling
5.522642620065044,0.24707089680546784,-0.607178408386569,-8.861386866685134,-5.564206158033154,-0.45734459280118855,1.2705161411153156,bootstrap_sampling
5.719761363713433,1.8407083798161545,0.26498498944452653,-7.181899673276039,-5.394315495904628,-0.35957613861521764,1.0155500813736182,bootstrap_sampling
6.508574236406868,0.6586425147475541,-0.18135023942378428,-8.130027663412008,-5.275196769542978,-0.40962072989097464,1.0409909862942115,bootstrap_sampling
5.726622052299902,1.467178128718029,0.16648284432930627,-8.00861530907202,-5.416497119358787,-0.48091266618701667,0.9723938244559527,bootstrap_sampling
7.16571056418602,0.8245336965068435,-0.0837915911923589,-9.0209156052505,-5.9321058365428785,-0.4177692875130461,1.1361041177077311,bootstrap_sampling
5.415161901638085,0.3034647025307424,-0.517891816574271,-7.932355124910867,-4.944595807445653,-0.4366375549376649,1.2035259975052668,bootstrap_sampling
5.531817393431161,0.7264075222687572,-0.13881966715368718,-8.038612006639493,-5.527313562223218,-0.42903661601483734,0.9937081132303298,bootstrap_sampling
6.943081662130257,1.6524793741863506,0.21813604744181936,-6.988396696084212,-4.987323447095846,-0.3212865693756548,1.0527633640823773,bootstrap_sampling
6.941626948983345,1.768794069089998,0.24767727334847017,-7.304405582753592,-5.362859125203735,-0.31649562851669444,1.03137491439373,bootstrap_sampling
5.334034697809736,1.3106273598827711,0.11747922978988087,-7.668898700829452,-5.5141955297188066,-0.4289364906531752,1.1343192616130935,bootstrap_sampling
7.589283337600742,1.8570769406925791,0.26882989739944835,-10.153329865239808,-6.65486426010999,-0.503557330900442,1.2021492361000767,bootstrap_sampling
6.849136860419823,1.802000043073842,0.25575479702413834,-7.818196492909182,-6.002712244983606,-0.29808861397291864,0.8843058599070979,bootstrap_sampling
5.355054923547111,0.8939394176471187,-0.04869191238201537,-8.440881792562983,-6.129266423785811,-0.4213519450867409,1.1347379470491887,bootstrap_sampling
5.570612061847298,1.13879712897411,0.05644636357478296,-7.972728353166498,-5.787961053601407,-0.40300726186396574,1.0670273614096288,bootstrap_sampling
5.443788105471322,0.21143710720878894,-0.6748187916652907,-8.442889367360788,-5.328912223983098,-0.42434081652493205,1.1913652429999857,bootstrap_sampling
7.130608947136751,0.32351581439447596,-0.49010448489825964,-9.355387858401542,-5.918242800392825,-0.4066677155595535,1.0964123436651505,bootstrap_sampling
6.98135399769137,1.1169671547240814,0.048040402541020336,-9.20212995474318,-5.79778029934467,-0.49517250136846513,1.095429342668897,bootstrap_sampling
5.759151187990004,0.6780417200014126,-0.16874358311086887,-8.786639377708244,-5.874410715007459,-0.46777321122413085,1.2933944719310304,bootstrap_sampling
6.625816529941016,1.5028678812100915,0.17692080295321466,-7.9167609242677734,-5.274448034600583,-0.4261702880607423,1.0253924157430738,bootstrap_sampling
6.426424045917817,0.3568314741994356,-0.4475368458085783,-8.11340546285957,-4.681045848221167,-0.4525380509803938,1.171206811314505,bootstrap_sampling
5.6363784927927245,1.8773655389037862,0.27354884165315313,-8.361723156208235,-6.308938539833373,-0.40964950014391377,0.9364141857503334,bootstrap_sampling
6.327647636085829,0.6590528279193724,-0.18107977212172693,-8.739344677074417,-5.755113950695511,-0.4351624682495405,1.273891391311004,bootstrap_sampling
7.240307191907625,1.57591739572906,0.1975334494991922,-7.784304024054307,-5.097111855756019,-0.4001496094194259,1.0631815884988534,bootstrap_sampling
5.076793020281359,1.795885968966697,0.2542787573754135,-6.4457715609413615,-4.869099865207632,-0.36353642376082007,1.0576089241941986,bootstrap_sampling
5.4635300074308875,1.4253854544640405,0.15393232266758916,-7.060341780722771,-5.199962293843098,-0.3739272663087938,1.1861274489393914,bootstrap_sampling
6.1203702820702945,1.8002620965159049,0.2553357377612255,-8.580310279891982,-6.479624341702124,-0.38568675029568666,1.01771803973298,bootstrap_sampling
6.996009318015492,0.9434503352168415,-0.025280956875815375,-7.960549933133539,-5.062998773532633,-0.4102149182546668,1.0950443544633544,bootstrap_sampling
5.4646489264327425,0.6462558193928075,-0.1895955331532347,-7.871930014170271,-5.356146242565058,-0.42109284094312116,1.1321956105547102,bootstrap_sampling
5.660452352526381,1.2763263391812043,0.10596173174032769,-7.6495031399968,-5.871654036133274,-0.3330957462689277,1.0156826899045086,bootstrap_sampling
7.580371617074375,0.6379659693243644,-0.19520248699799128,-9.298987731458805,-5.541334843990386,-0.46199840309411044,1.3090678784372614,bootstrap_sampling
5.723073479512818,1.3955758079626814,0.14475343243028882,-7.316782292001784,-5.3851745111355065,-0.3660452338766049,1.1280975289731252,bootstrap_sampling
6.714071056571173,0.998226480259145,-0.0007709136545391642,-8.910923665813986,-5.7342613624776115,-0.4730027661404854,1.1520375974781771,bootstrap_sampling
6.776685091691702,1.5147466650760664,0.18034000501035233,-8.250975547285941,-5.89574689297505,-0.3752471340978687,1.0408284341535747,bootstrap_sampling
5.421873393610363,0.9140422108369064,-0.03903374790922064,-8.034215029858993,-5.80354783957524,-0.40349560289010356,1.1007171700511904,bootstrap_sampling
7.606278206226776,0.3938593692302793,-0.4046588189604073,-9.612490588489685,-5.598775904850655,-0.4604229789807377,1.264298191464583,bootstrap_sampling
6.760449081239516,1.118480763827841,0.048628519290707765,-7.902649260958322,-5.103271809726335,-0.4228679731306144,1.2215043779020043,bootstrap_sampling
7.205809699687909,1.0130871531749088,0.005646808158724006,-8.323961231581205,-5.371767692050582,-0.4106941413094418,1.2733366035893674,bootstrap_sampling
7.015955393603868,0.28368173641083133,-0.5471686234262708,-10.278776951247568,-6.014798158668588,-0.5106217761086889,1.2454646688809348,bootstrap_sampling
6.988646420905719,0.3970653859278197,-0.4011379707949963,-8.435029624163583,-5.512583388121205,-0.36193991884630705,0.9796532520603982,bootstrap_sampling
7.572260982888634,0.20810137243297538,-0.6817250555975872,-9.651028407987809,-5.5815513017299345,-0.4261230987015736,1.2362194775335027,bootstrap_sampling
6.822282112626155,1.3241299018575106,0.12193059302855029,-8.473437262293656,-5.938684164004365,-0.39385873342617117,1.2487620201274403,bootstrap_sampling
5.758457276551973,1.330780701311155,0.12410649419945619,-7.293009340007113,-5.211223029321273,-0.38501306060640417,1.0901520553244914,bootstrap_sampling
6.61279763645555,1.0410988170749893,0.017491953020261967,-8.384868505170449,-5.550230900858773,-0.43193095775587764,1.2368208526123183,bootstrap_sampling
6.7476157234369225,1.4713705941854056,0.1677220722782979,-9.172766206828031,-6.0903948720794325,-0.48964494734249797,1.3210223784586077,bootstrap_sampling
5.050518917642866,1.9240607394614677,0.28421877788712513,-8.315870154881175,-5.986120842379139,-0.5305498627099041,1.230751917475633,bootstrap_sampling
6.666562059424942,1.3447673885754143,0.12864716865459022,-7.3297260840193506,-5.082497006760482,-0.3588141760429373,1.1257760015041853,bootstrap_sampling
5.1054534597057595,0.7485894544139855,-0.12575629520459647,-7.787018725681696,-5.494182423414065,-0.4207461160336017,1.1509291703500146,bootstrap_sampling
5.624774232664628,1.4329377319999062,0.15622731863433148,-8.000038564412096,-5.964561197326924,-0.3943714306987509,1.16991635013623,bootstrap_sampling
6.488356887140155,0.8716007669763459,-0.05968239626257842,-9.18218791249722,-6.284410517456157,-0.4342294025907947,1.3461600936539462,bootstrap_sampling
5.114463376885767,0.6307795649870229,-0.20012238471080784,-7.669863447635119,-5.265338649299009,-0.422495174291619,1.2176983742363667,bootstrap_sampling
7.2476619655569765,1.955756467927022,0.2913147751856684,-8.189280870301205,-5.985674837091253,-0.35520515673340824,1.2728529508334958,bootstrap_sampling
7.153727370406516,1.669515975456399,0.22259057913723895,-7.524573489659084,-5.310396411747465,-0.3456910995307645,1.1626853369565495,bootstrap_sampling
6.173588431857772,1.2896661572876602,0.11047730346847158,-7.676110288722571,-5.352311804321154,-0.3986125444745525,1.240719176307465,bootstrap_sampling
6.766335247010806,1.0821142723392825,0.03427312511982738,-8.412384893454167,-5.627433091888203,-0.41786574022262,1.2391016247317133,bootstrap_sampling
5.135660607520292,0.6372058114324483,-0.1957202720084844,-8.224892901652211,-5.85342899418018,-0.41596856984687136,1.2016665771479467,bootstrap_sampling
6.575051885218302,0.5947335085120813,-0.22567759176484678,-8.546817718555166,-5.633399603893274,-0.40537764572159674,1.0990859083307,bootstrap_sampling
6.485695244289531,0.27811967726520836,-0.5557682832488138,-8.41211147546771,-5.247733113169604,-0.3939347815868288,1.09656747455546,bootstrap_sampling
6.387148516789683,0.5273871943144612,-0.27787041968116166,-8.866694180641161,-5.456160160300802,-0.48011279547987584,1.2379233859941579,bootstrap_sampling
5.703690071211623,0.7367693399254742,-0.13266845525723692,-8.860631030992423,-6.384616506878967,-0.4049397330411644,1.253981506040077,bootstrap_sampling
5.088628113486392,0.732718001047681,-0.135063138801319,-8.787134016950986,-6.416061216584888,-0.4326197019748861,1.2559461001281953,bootstrap_sampling
5.3545379567540845,1.847713836049892,0.2666347109058313,-7.250038154077804,-5.397167768610226,-0.40060531650860653,1.0958287706150607,bootstrap_sampling
6.473547926769195,1.5119536591995961,0.17953848040968542,-7.9884258982285345,-5.766124196806343,-0.37574422893519355,1.1702035815236087,bootstrap_sampling
7.7040157859197285,0.38655781121971655,-0.4127855464644408,-8.906014852842967,-4.956372338752005,-0.4495669081772036,1.1777833813000065,bootstrap_sampling
7.150011448011309,0.24178847756610106,-0.6165643992928418,-8.028468579403263,-4.93151193476082,-0.3272606520895813,1.2278348159357968,bootstrap_sampling
5.161901086561541,1.725337947010612,0.23687417427709306,-7.6030913079937745,-5.497238018635427,-0.4619914260094653,1.1774215377982564,bootstrap_sampling
6.391937979901576,0.6977322851060856,-0.15631118110710562,-7.584881201197584,-5.127880639029763,-0.35712371441967505,1.1150061512602392,bootstrap_sampling
7.669721311097264,1.908930722711471,0.2807901676340733,-8.81641413107549,-6.334292605036577,-0.365803497366592,1.152067952069899,bootstrap_sampling
6.142200728001326,0.7381586249071794,-0.13185030142983217,-8.372051559630851,-5.50253083937735,-0.4428303887237135,1.1343742307119022,bootstrap_sampling
5.2572387255244175,0.4710955021347264,-0.3268910422431797,-7.044708050561741,-4.4454866583604815,-0.4287629970667304,1.0557400336880391,bootstrap_sampling
6.831980787522488,1.4384956376010658,0.1579085491817444,-9.829594751700515,-6.351608584115145,-0.5380594157192355,1.254051311218781,bootstrap_sampling
6.304953066800145,1.8116873471072181,0.2580832512095248,-8.285892115322667,-6.438761947735099,-0.34074065168312373,1.1671569069814396,bootstrap_sampling
6.3020366160640915,1.4916769578206919,0.17367478116198112,-8.926376604310626,-6.153826884202683,-0.4730286013250584,1.2004842873168968,bootstrap_sampling
5.569141344098467,0.6077676734194728,-0.2162624033493672,-7.345658566565003,-4.483248712788372,-0.46643772400391725,1.2242176008352423,bootstrap_sampling
5.291042579491333,1.9871221618287598,0.2982245669474074,-7.377772863939553,-5.6525767120082895,-0.37966196650639716,0.9509997166581918,bootstrap_sampling
5.99062810927651,1.5919463850597788,0.2019284371046767,-7.104005858737737,-5.15650096260526,-0.36480684278846454,1.1782254849483245,bootstrap_sampling
5.043669718778068,1.480478297644656,0.17040204544213525,-8.0342343650416,-6.258824695674446,-0.3846053601892372,0.9648519128537352,bootstrap_sampling
7.177947295057287,1.9904653994898676,0.29895463259018595,-8.270015674512438,-5.9894087719019256,-0.36413101393218383,1.1142370365844236,bootstrap_sampling
6.406620634580339,1.4173854228721328,0.15148796193844466,-8.521849294909586,-6.1560439616331095,-0.3986125444745525,1.240719176307465,bootstrap_sampling
5.999443842226657,1.6377873229337105,0.21425750519417153,-8.660514862387085,-5.861547642358767,-0.5078395024375197,1.156493236889652,bootstrap_sampling
5.082535760758498,0.25904066595398256,-0.5866320520844938,-8.984845340197133,-5.852371330925424,-0.49285054606415457,1.0697395104161522,bootstrap_sampling
6.626692981425345,0.5389146890090606,-0.26847997882995545,-8.621159926585708,-5.830943652944965,-0.37526377494836183,1.1302833504745315,bootstrap_sampling
7.6245162432181335,1.3788115727347448,0.13950491990108838,-9.798878280344786,-6.861397727509035,-0.40537764572159674,1.0990859083307,bootstrap_sampling
6.522132906143454,0.7345964421072877,-0.13395117941696252,-9.218564863164461,-6.451328975240395,-0.3993997739089359,1.2116166540134863,bootstrap_sampling
6.033239982243676,1.6616715009796938,0.22054517142595637,-6.846593206755152,-4.790862326924511,-0.3829763451479131,1.1555787701970424,bootstrap_sampling
5.3628746681975565,1.1409729852475925,0.057275361774224584,-7.555563973720952,-5.392977363004535,-0.4146004999297723,1.0626542704160151,bootstrap_sampling
6.503362562651311,1.208608328217031,0.08228558253715966,-9.31172878059112,-6.489212359841593,-0.4489147378282041,1.178078541536344,bootstrap_sampling
6.703824104671911,1.1072293730432508,0.04423759841090645,-7.413032600027283,-5.336927125827813,-0.31649562851669444,1.03137491439373,bootstrap_sampling
6.076742424531104,1.7526134040454797,0.24368612886850582,-8.804497656097947,-6.000309166743351,-0.5078395024375197,1.156493236889652,bootstrap_sampling
5.266383959275515,1.6413570303958818,0.21520305970363537,-8.08004992857781,-5.7070012487266055,-0.5073873881833642,1.389609064240048,bootstrap_sampling
5.3013226614358695,0.613941608290129,-0.21187293244726646,-8.616785145582162,-6.017005566690964,-0.44978539204473833,1.0162793556236949,bootstrap_sampling
6.716903768623038,0.42071075438933525,-0.376016386218686,-8.145984353357996,-5.581855436949065,-0.3202595806027837,1.098292913969651,bootstrap_sampling
6.427767917643506,0.6685430915513493,-0.17487059465506022,-8.427401827746369,-5.285078768130004,-0.4560319782476725,1.2069229868680296,bootstrap_sampling
6.947421785955905,1.2837650168269228,0.10848553678989097,-8.294638822100708,-5.601076816163526,-0.40202748274041156,0.9171036909671777,bootstrap_sampling
5.867554728819254,0.9513768410025598,-0.021647424649573626,-7.985116717023144,-5.404200650735748,-0.4351624682495405,1.273891391311004,bootstrap_sampling
6.432703408704802,1.5650972941989156,0.19454134061749204,-8.640979387513749,-6.108710962382412,-0.4300062059024796,1.2019756859881383,bootstrap_sampling
6.999130323911661,1.1549624786632,0.06256787550589786,-7.941924973255132,-4.93262606754421,-0.44083095946537654,1.2168293998585789,bootstrap_sampling
6.474644840790499,1.8448110353795197,0.2659518878420466,-8.043870685264118,-5.144935005226104,-0.4963535513784727,1.1835873140694133,bootstrap_sampling
5.441613344324741,0.5865926853015548,-0.23166335689071738,-9.058460272290063,-5.953687894672273,-0.5143881539201836,1.3194617361404504,bootstrap_sampling
7.671086019059292,0.3102429375897848,-0.5082980960522651,-8.739828225612971,-4.778594009453086,-0.4366375549376649,1.2035259975052668,bootstrap_sampling
7.211606798020408,0.28361520287008224,-0.547270493003702,-8.626971712320936,-5.766492357974414,-0.3111883045446717,1.1261554746814255,bootstrap_sampling
6.536596228410476,1.7745901172952305,0.24909805860065096,-7.747196638674506,-5.473529430164076,-0.3846053601892372,0.9648519128537352,bootstrap_sampling
5.555314852015967,0.5929170512624038,-0.2270060599220474,-8.113071100189895,-5.840342201512082,-0.36584291938537916,1.0588100387887103,bootstrap_sampling
6.452857853954658,0.14915160628221666,-0.826372065159802,-9.52415830986064,-5.926672553554605,-0.3986125444745525,1.240719176307465,bootstrap_sampling
6.204127332079414,1.7517279931961183,0.24346667019671084,-7.25241156881489,-5.3431948460521665,-0.35003488852835574,1.077947532306478,bootstrap_sampling
5.569522848101031,0.4487880899995695,-0.34795867696602023,-7.718238905951576,-5.377105388537116,-0.3604213787921502,0.9591897986211073,bootstrap_sampling
7.4055267325478535,1.2936760524923117,0.11182553890736528,-8.542731365457355,-5.429403513304406,-0.44130324549190547,1.3838979092752872,bootstrap_sampling
7.510807716706972,1.2368267468429117,0.09230886845707936,-7.875478470549808,-5.009465938033497,-0.3975616577846033,1.2999469784953313,bootstrap_sampling
7.216189166543922,0.7427020178959454,-0.12918539611956661,-10.276856458875361,-6.770487728552465,-0.4636588448640637,1.2425459987288718,bootstrap_sampling
7.679019632113876,1.9822014601558227,0.29714779171721256,-9.263460257377652,-6.386966153283091,-0.41835202889851075,1.1308828411943068,bootstrap_sampling
7.169329739493212,0.751044120571698,-0.12433454933671875,-9.605759113074011,-6.363545350535409,-0.4308908906600948,1.2306706902365327,bootstrap_sampling
5.010324662328352,1.1836261109986437,0.073214537206361,-7.975346966940736,-6.001253407653596,-0.41051692597254075,1.1299602834765388,bootstrap_sampling
5.651220261131091,1.686443136036111,0.22697170210862977,-8.767664602002313,-6.366951748146624,-0.4730286013250584,1.2004842873168968,bootstrap_sampling
7.0002740832479375,0.5546697337374968,-0.25596553130776784,-10.427946839897832,-6.585572072836436,-0.5015220080430716,1.2954214979060161,bootstrap_sampling
5.166997918369993,0.6613694421206988,-0.17955587507841436,-8.38401203477028,-6.002412648342078,-0.41786574022262,1.2391016247317133,bootstrap_sampling
5.592353739816748,1.949367077546099,0.2898936270816594,-6.6771133184085345,-4.883740538438795,-0.37933453750189017,1.1314499831285332,bootstrap_sampling
7.405721419182576,0.7744319100445809,-0.1110167604636583,-8.009532831542987,-4.946627340173582,-0.39848431901982906,1.0074301783692086,bootstrap_sampling
7.195678403009003,0.7811426631475615,-0.10726964197466785,-9.803386876748263,-6.745895031713432,-0.4070116978896863,1.200400769384487,bootstrap_sampling
6.443241065855758,0.20272021010467828,-0.6931029523459185,-9.443122053874035,-5.822706980069912,-0.4210606403612118,1.3092136767588904,bootstrap_sampling
6.046860422255426,1.4034210850292492,0.1471879970916602,-8.261306413224268,-6.000672393622961,-0.40232521525162923,1.1697312605724584,bootstrap_sampling
5.806483225227285,0.8731994223175479,-0.05888656027895916,-8.045049518426211,-6.125664751291833,-0.32059894707224856,0.9820977598262246,bootstrap_sampling
6.572801192484149,0.9422876721417222,-0.025816490677275872,-7.668693790200466,-5.055017138061779,-0.39367695166436434,1.0116136663228268,bootstrap_sampling
6.80400108160506,1.4698762083717167,0.16728076040470685,-8.240559114745775,-5.433859759377137,-0.44342146464157395,1.2574116063954222,bootstrap_sampling
7.705937686485044,0.4030189087741022,-0.39467457722463484,-9.287283344941216,-5.588962587236598,-0.42903661601483734,0.9937081132303298,bootstrap_sampling
5.182532466771128,0.28118300372333793,-0.5510109340513922,-9.424490003387538,-6.158991391937334,-0.48964494734249797,1.3210223784586077,bootstrap_sampling
7.740424884259357,1.4290610752883501,0.15505079008830883,-7.647161233455998,-5.03603275078899,-0.35849645801850727,1.056340453376606,bootstrap_sampling
5.667187763146913,1.7055705155881056,0.231869679708071,-7.360058589269766,-5.242207238907356,-0.4211509727520486,1.1596612769464194,bootstrap_sampling
6.4517506288912205,0.8102479516182703,-0.09138205823096565,-8.240362122552217,-5.022891211310363,-0.48281042800850216,1.1216471885947072,bootstrap_sampling
5.789203725856645,1.935111643476286,0.28670602607172374,-7.255555119091615,-5.48017367964962,-0.3624304033337289,1.1258989088028493,bootstrap_sampling
7.23105627307061,1.927857745224014,0.28507498457534947,-8.989326100354436,-6.079039091364977,-0.4489147378282041,1.178078541536344,bootstrap_sampling
5.981451012024527,1.2110359976763807,0.08315705260618957,-7.378242132811569,-5.302182482444426,-0.36098521606631095,0.999984162406399,bootstrap_sampling
5.667058917514672,1.121254214381265,0.049704088408080105,-6.984798656871788,-4.724839820349095,-0.40880708234266194,1.1422598588733948,bootstrap_sampling
6.709657357872755,1.5709114579246028,0.19615170737070328,-7.329072221836286,-4.905307626349497,-0.39713732081804665,1.2280838869816009,bootstrap_sampling
7.725940357974616,0.9886005292111366,-0.00497916139151263,-8.524716847250097,-5.45034276480844,-0.39713732081804665,1.2280838869816009,bootstrap_sampling
7.2423938832426735,1.872582014066593,0.27244084772079985,-7.8862345451739415,-5.561410960171174,-0.36022878341665887,1.0427773770295126,bootstrap_sampling
7.338004911537121,0.24775681858760312,-0.6059743843332179,-9.31687050892335,-4.815205721966082,-0.5106217761086889,1.2454646688809348,bootstrap_sampling
5.304591977793696,1.9424741966103367,0.28835525844120125,-8.090598082526766,-5.998921409288555,-0.45672077380927334,1.1480306667259654,bootstrap_sampling
6.3263039654043105,0.9313877386719738,-0.030869483669932658,-8.96911848759764,-6.200027037985599,-0.4317663704621566,1.2182305486924108,bootstrap_sampling
7.09407677100493,0.8580490926787565,-0.06648786358538514,-8.400688278242642,-5.5676264466709995,-0.3889000269803766,1.1156199030474845,bootstrap_sampling
5.306640243836991,0.20687517897119678,-0.6842916131645828,-8.019619172528007,-5.13458971834085,-0.39298570549972567,1.1685013797433825,bootstrap_sampling
7.7767046904956345,1.558501018779237,0.19270709050766538,-7.458902090857186,-5.154955957282676,-0.32059894707224856,0.9820977598262246,bootstrap_sampling
6.268725504675214,0.4439772707784935,-0.3526392628316621,-8.005914532460844,-4.753561720237357,-0.45571649517913926,1.1218013354958103,bootstrap_sampling
7.156487642842284,1.5470812932806184,0.18951313483420532,-8.040882188614152,-5.150313933528744,-0.43602929360589116,1.212950209089744,bootstrap_sampling
5.910376177511117,1.0751986840198058,0.03148872415907443,-7.280152810069575,-4.842203245403705,-0.41938899735604807,1.2956121756947283,bootstrap_sampling
5.202222586992946,0.9710563194027482,-0.012755581115135809,-8.128353807349203,-5.884675784250299,-0.42805639925661865,1.319685416705834,bootstrap_sampling
5.027450251059888,1.4564101953939512,0.1632837104897527,-8.09879074631399,-6.132605394235191,-0.4329484392504739,1.288808215441609,bootstrap_sampling
5.520145013877805,1.2259570604238963,0.08847525913220289,-8.032165907259282,-5.715532548834608,-0.43935918505956906,1.2285135680801886,bootstrap_sampling
5.470785285718557,0.16439399638919053,-0.7841140467877868,-8.561843505300626,-5.504640788555022,-0.40962072989097464,1.0409909862942115,bootstrap_sampling
6.374116342374811,1.9090655034991064,0.2808208300804943,-7.142852481709635,-4.794663517138201,-0.40964950014391377,0.9364141857503334,bootstrap_sampling
6.093858865023235,0.6985654722946908,-0.15579288386078693,-7.882125155562504,-5.47595074738803,-0.36471244152503957,1.1789258832063538,bootstrap_sampling
5.327986467913276,1.2864295902181753,0.10938602108151693,-7.51397048959576,-5.913251404228037,-0.32059894707224856,0.9820977598262246,bootstrap_sampling
5.7832359661782355,0.15146434421446367,-0.8196895911446205,-9.067945580441801,-5.126700838098318,-0.4761259055498499,1.4489585981931299,bootstrap_sampling
6.51747606612144,0.24467319733107945,-0.6114136027313882,-9.010651502731385,-5.5683245890249236,-0.4235374371205154,1.115336330629006,bootstrap_sampling
5.0942459314016295,0.7538106704415646,-0.12273771925960024,-8.935746900556312,-6.081935737715352,-0.5305498627099041,1.230751917475633,bootstrap_sampling
6.182105185936494,0.9134422166181189,-0.03931892044896016,-8.62654287385228,-5.943598240227358,-0.4261230987015736,1.2362194775335027,bootstrap_sampling
5.9743645671267345,1.0186820713250013,0.008038662697921806,-8.376956356942054,-6.09876683488522,-0.38295890560243606,1.2124646357546922,bootstrap_sampling
6.85053925022644,1.2792410585286922,0.10695239008017576,-8.038366665835984,-5.240310453719413,-0.42980873433731404,1.3685097868465377,bootstrap_sampling
5.3186768537680065,0.18455430827825683,-0.733875812079627,-8.836813637342829,-5.589741996474263,-0.45571649517913926,1.1218013354958103,bootstrap_sampling
7.145252779407223,1.2009348332435317,0.07951944176544332,-8.758291586243882,-6.196815987991854,-0.37193992071650683,1.208876117410945,bootstrap_sampling
7.463077433362203,1.2023702400811074,0.08003821846998288,-8.058461849078316,-5.039072959594475,-0.41786574022262,1.2391016247317133,bootstrap_sampling
7.456644968918349,0.37927355757467834,-0.4210474346494723,-8.949470557530343,-5.660366099561184,-0.37833230281005115,1.1115488591705294,bootstrap_sampling
5.190897854380672,0.8205063901172684,-0.08591803230514544,-7.766979609796273,-4.907205682808181,-0.5305498627099041,1.230751917475633,bootstrap_sampling
6.999208221575723,1.7828585541917008,0.25111688912557595,-8.268845375293022,-5.368109040980082,-0.4587807587055224,1.2359412582731402,bootstrap_sampling
7.3962615655625905,1.754158222140852,0.24406876343344508,-8.727740529991435,-5.979004955651873,-0.4069261652301499,1.0693575773580655,bootstrap_sampling
7.328494981528696,0.26726607344136777,-0.5730561667665954,-9.454189362155045,-5.743395097627991,-0.4261702880607423,1.0253924157430738,bootstrap_sampling
6.016815735172981,0.6366954394995037,-0.1960682608748005,-8.444072667205823,-6.338372317234844,-0.3180958933066371,0.9781082005524446,bootstrap_sampling
7.598862259193984,1.0880045185045637,0.03663069899959088,-8.274386919946433,-5.0087736055677565,-0.4360636382265213,1.3096722164158017,bootstrap_sampling
7.296607071579606,1.2932962574364923,0.1116980208063416,-7.894861300610863,-5.262080205949502,-0.3766636025692627,1.0348008909895405,bootstrap_sampling
6.0605132890120625,1.6078299602960393,0.20624011704306583,-7.773704933697548,-5.432624590299775,-0.4263001605057255,1.1758985008940357,bootstrap_sampling
5.058658030319995,0.7095804456076757,-0.14899836116068355,-7.9707416379389535,-5.7653191425322055,-0.4049410813560783,1.053461535923109,bootstrap_sampling
6.913503252236702,1.777180724525325,0.24973159419426386,-7.959456840515956,-6.077640779195624,-0.31290883978563144,1.1271309947762695,bootstrap_sampling
5.575237535316391,1.2432520825025888,0.09455919536746415,-6.936824692287578,-4.5084637563653045,-0.4560319782476725,1.2069229868680296,bootstrap_sampling
7.508542190617021,0.7763921006136298,-0.10991889198197916,-9.13221653899314,-5.358493717441796,-0.48397879537300525,1.2713703223286075,bootstrap_sampling
7.099240678040609,1.7462081664761584,0.24209601494976277,-8.546040111678677,-5.768798084516678,-0.4261702880607423,1.0253924157430738,bootstrap_sampling
5.6050358448862765,1.3407556176292141,0.12734962528847732,-8.003922326999675,-5.791015271310434,-0.42104038723989845,1.1546120108489575,bootstrap_sampling
5.482107498167979,0.16700758414701267,-0.7772638062272164,-8.435515031006297,-5.221118677676508,-0.41596856984687136,1.2016665771479467,bootstrap_sampling
7.426162263282137,0.38688640473832897,-0.41241653120111865,-9.682038603477372,-6.459448719364042,-0.37842903076110446,0.9997525931949411,bootstrap_sampling
5.6040451353901295,0.4061232260359001,-0.39134217266020127,-8.07927221661167,-5.521819906998313,-0.37193992071650683,1.208876117410945,bootstrap_sampling
5.689970747835382,0.28428058548201396,-0.546252798789811,-8.072358869923564,-4.999002287450953,-0.4228679731306144,1.2215043779020043,bootstrap_sampling
5.281654410578517,0.9852618601459093,-0.006448328586265583,-7.352714067885923,-5.5541980797017745,-0.3393485096102751,0.9606265553816797,bootstrap_sampling
5.7944465778946626,1.4067133604642605,0.14820561225295942,-7.959991845632473,-5.6404947772858,-0.43193095775587764,1.2368208526123183,bootstrap_sampling
6.863115870847766,0.9713271219820818,-0.012634484462285519,-9.546420808485847,-6.260406704689541,-0.4761259055498499,1.4489585981931299,bootstrap_sampling
6.793952586763119,1.3572823287027347,0.13267019478157194,-8.589077730539831,-5.847274269881309,-0.42904683836701096,1.3048930620219288,bootstrap_sampling
6.392598192607005,1.1689610859972728,0.06780005400362993,-8.63584185049393,-6.183451839528094,-0.39551753096645825,1.1208640428319043,bootstrap_sampling
7.432133179792632,1.1048098487806886,0.04328753708762925,-8.221643634701833,-5.272361004343276,-0.4035093069489122,1.1470340313210698,bootstrap_sampling
5.420721371006807,0.839643414458833,-0.07590511395284626,-7.791809061399464,-5.575705895087309,-0.3937919455486387,1.073270918174348,bootstrap_sampling
7.3584676023128175,1.02508618302313,0.010760379770252473,-8.952877066564646,-5.658838145449737,-0.4493030000307314,1.1284590778804393,bootstrap_sampling
6.673032190765867,1.5093808736382732,0.17879884245809227,-8.007529590702838,-5.08311289362926,-0.47214359844106113,1.2651800810213771,bootstrap_sampling
6.615446842954105,1.3568210376785812,0.1325225687546845,-9.144532834707213,-6.303681433677583,-0.44978539204473833,1.0162793556236949,bootstrap_sampling
6.325694217822823,0.4275990252397317,-0.36896329348544904,-8.169324870691682,-5.417700714310233,-0.36935062365230564,1.125383091831008,bootstrap_sampling
6.390630207179559,1.9044290584562373,0.27976479947277144,-7.825785895892119,-5.756758389228868,-0.3690938478836543,1.0355655445293586,bootstrap_sampling
5.923567761693536,0.9869787762664588,-0.005692186184938104,-8.05630881550711,-5.926717867572059,-0.35849645801850727,1.056340453376606,bootstrap_sampling
6.799488691013342,0.21290871906602277,-0.6718065529124316,-8.697821955656405,-5.825341970640102,-0.3111883045446717,1.1261554746814255,bootstrap_sampling
6.9696828972260665,1.930465906314185,0.2856621360142684,-8.46860101756193,-5.78184384304165,-0.4287629970667304,1.0557400336880391,bootstrap_sampling
5.962160848800927,1.5283772641957423,0.18423056859516448,-8.128245658033102,-5.9754652066049765,-0.3967748748664661,1.1553738063759802,bootstrap_sampling
5.090265496652917,0.28299796634586794,-0.5482166853518265,-8.646464927383619,-6.491057141435555,-0.3180958933066371,0.9781082005524446,bootstrap_sampling
7.374983957200561,0.6251844690392989,-0.20399181935136462,-8.826758324913921,-5.722416400360806,-0.3867837352171506,1.2344518678309235,bootstrap_sampling
6.863203859292131,0.31246113956812804,-0.5052039876657024,-9.820241269785749,-6.0611509003463,-0.4641452912679931,1.13531688019102,bootstrap_sampling
6.600372044605022,1.7634014930301267,0.24635120416322617,-7.851501670041903,-5.534560411068675,-0.38792318749976573,0.9884104446794737,bootstrap_sampling
7.486426760799386,1.0228613178526684,0.009816754949566355,-8.30933801174855,-5.95004142354088,-0.31649562851669444,1.03137491439373,bootstrap_sampling
7.7648808653214525,0.610004221550696,-0.2146671594321374,-8.734375918308357,-6.268000612746837,-0.28856504318164866,1.0514049934639829,bootstrap_sampling
5.976497722136898,0.2232474639670008,-0.6512134658835064,-9.126955668082726,-6.370471860449512,-0.3422237831701054,1.0920906650650082,bootstrap_sampling
6.532288145233028,1.4230431026763104,0.1532180546668419,-10.13048704259296,-7.1141441847338776,-0.490353058723791,1.2190770534662931,bootstrap_sampling
5.516176592812377,1.9089344240361639,0.2807910097093316,-8.201063401806204,-6.133792210805228,-0.4399847432597035,1.2812459748450706,bootstrap_sampling
6.87203337295909,1.3613745571307931,0.13397762977015581,-8.277212317680556,-6.347214617461752,-0.29808861397291864,0.8843058599070979,bootstrap_sampling
6.661496242742123,1.9771635794265783,0.29604260189002096,-7.645141464501547,-5.3640673788783655,-0.39065344178390404,1.0851895875240345,bootstrap_sampling
6.264501727562809,1.167261796412329,0.06716827162909608,-7.999517576984552,-5.537614127282569,-0.40625500889504096,1.2369196547266164,bootstrap_sampling
6.350169053807155,1.7023857299392011,0.23105797020457125,-8.120419295285508,-5.955460445040286,-0.3829763451479131,1.1555787701970424,bootstrap_sampling
5.62692461132925,1.66281886053442,0.220844941850277,-8.67725742493702,-6.482556141604215,-0.42903661601483734,0.9937081132303298,bootstrap_sampling
7.100921383429575,1.6170361269575275,0.20871972279015807,-9.15409390498485,-5.914034936515252,-0.4825028415135648,0.8918935590325745,bootstrap_sampling
5.107260922223938,1.0781760623287648,0.032689685391029434,-7.400263213560617,-5.022174416567687,-0.4730027661404854,1.1520375974781771,bootstrap_sampling
6.585957066259134,1.8166672043885768,0.25927537610539675,-6.627871777648137,-4.597249745043394,-0.3462129129923106,0.9623796594000176,bootstrap_sampling
6.1597747726254575,1.0227445091572012,0.009767156565297924,-7.74176652814444,-5.274325277394226,-0.40202748274041156,0.9171036909671777,bootstrap_sampling
6.818367328276287,1.5567718844369514,0.1922249795634415,-8.008483948719377,-5.671464133902728,-0.37574422893519355,1.1702035815236087,bootstrap_sampling
6.740957229170363,1.1350451953063163,0.05501315464047189,-8.195085829204915,-5.603709863581886,-0.39257393904377125,0.998818684677687,bootstrap_sampling
7.340903127624147,0.5849087564382554,-0.23291187693664417,-8.597774318308128,-5.31962283617115,-0.4052709118584481,1.3013375776566924,bootstrap_sampling
5.24179937131041,1.1009039586280005,0.041749433361203854,-7.585748592319688,-5.443317506834633,-0.4177692875130461,1.1361041177077311,bootstrap_sampling
5.910639852536897,0.9340723143174976,-0.029619500115375934,-8.19866630055554,-5.901019463764919,-0.38306973192406346,1.1296481321188097,bootstrap_sampling
5.07982619173995,0.810007142455851,-0.09151115159605734,-8.567150169805881,-6.254391107864768,-0.4341779202531768,1.1715587542498582,bootstrap_sampling
5.036873844575938,1.0686605536698253,0.028839779036090595,-8.400616278543582,-6.415775099029146,-0.4001496094194259,1.0631815884988534,bootstrap_sampling
5.448528677614145,0.5766676828416668,-0.2390743862981392,-8.71578851211168,-6.148642413557103,-0.4261702880607423,1.0253924157430738,bootstrap_sampling
6.204000397621557,1.6105286750088776,0.2069684617153245,-7.5216078008573835,-5.404489601294696,-0.37833230281005115,1.1115488591705294,bootstrap_sampling
7.609508050053283,0.24075449967142018,-0.6184255872181471,-9.226029790928886,-5.944412486320358,-0.3511750924537438,0.9853208279181587,bootstrap_sampling
5.270000008187271,1.113798169130774,0.046806499658017954,-8.111509064673768,-5.923703437580096,-0.4261230987015736,1.2362194775335027,bootstrap_sampling
6.289948998196937,1.279128457893158,0.10691416117353117,-8.635694727789552,-5.783263392694866,-0.47648285978958427,1.3526884550128813,bootstrap_sampling
5.865227744619324,0.7429423001801481,-0.12904491394658812,-8.099145644875339,-5.353350166938075,-0.44195070497917044,1.1907012577261433,bootstrap_sampling
5.377907572847464,0.6304882609844122,-0.2003229951133482,-7.181737864597862,-4.749152525804602,-0.40625500889504096,1.2369196547266164,bootstrap_sampling
7.129350758940552,0.9972412629050833,-0.001199759970474119,-7.496466189615271,-4.411558522865351,-0.4325184005764733,1.1104549052090675,bootstrap_sampling
5.737726220611165,1.961299894522988,0.29254400497759864,-6.458335086479028,-4.567267697624052,-0.3777775218647612,0.9452137087107495,bootstrap_sampling
7.039845713233653,0.4127476192484703,-0.38431542309299205,-8.54677154394808,-5.208492831656747,-0.4176137921945191,1.0364976880647134,bootstrap_sampling
5.950090924458594,0.48322173494116244,-0.3158535397165594,-8.382607433114343,-6.05529530848701,-0.3355926099031521,1.0463887231525177,bootstrap_sampling
6.693601442386198,0.8960929324171876,-0.04764694799070564,-7.752362672766275,-5.376560596680858,-0.34797596517112694,0.9778098212989583,bootstrap_sampling
6.518235647114947,0.4329790941189029,-0.3635330725334431,-8.425275788643102,-5.2652785654086065,-0.42052142303191786,1.1524109493883898,bootstrap_sampling
7.563403311534023,0.7718442979913391,-0.11247029984972286,-9.30462419880779,-6.269413880663708,-0.3837716841273817,1.1788915982193835,bootstrap_sampling
5.7890150993861536,1.3329618992438568,0.1248177359220121,-7.442135526168956,-4.899591226145017,-0.4645991935055065,1.1779371357443367,bootstrap_sampling
5.202630615145335,0.5713884540273249,-0.243068539597103,-8.187402742542517,-5.366408421906346,-0.48706547757949537,1.180624016075356,bootstrap_sampling
5.804225416331779,1.1773450481014587,0.07090376150566641,-7.375091841693159,-5.707618943941348,-0.29808861397291864,0.8843058599070979,bootstrap_sampling
6.076644128255644,1.2552529917851036,0.09873126515031852,-9.194425832333433,-6.811422972930087,-0.41051692597254075,1.1299602834765388,bootstrap_sampling
6.409192589915074,0.20571862558002496,-0.686726385891901,-9.560575686462487,-5.9718245919941815,-0.43934275294985525,1.125511985134164,bootstrap_sampling
5.2208568771461294,1.0394456077928238,0.016801768459717276,-8.084198421266242,-5.990526228710029,-0.4046007876577242,1.1124193402717566,bootstrap_sampling
6.190880910967112,1.983706601833649,0.29747743867136756,-7.8943800307179695,-5.73117303363185,-0.4044231329604493,1.144720279403888,bootstrap_sampling
6.386222136197017,1.8446772480554856,0.2659203912809311,-8.863925351412956,-6.652116113844496,-0.3953125847360752,1.1760840914976143,bootstrap_sampling
6.482219191544536,0.9838102157617117,-0.007088672093921738,-7.779561033231225,-5.415541207436152,-0.36353642376082007,1.0576089241941986,bootstrap_sampling
5.690125561264722,0.9271181083042457,-0.03286493627898836,-8.199100879189125,-5.7011344518596685,-0.4311562538898137,1.3580798025286285,bootstrap_sampling
5.901968147429951,0.9442216103013714,-0.02492606413857283,-8.392160669483781,-5.97280472354285,-0.40504276783094895,1.1556751076167018,bootstrap_sampling
6.451632429372278,0.3073644110019503,-0.512346419855948,-8.658990535303898,-5.734989543664713,-0.355356356006709,1.2323154349751455,bootstrap_sampling
5.032652566307068,1.6186671232121264,0.2091575458404213,-6.7955352381387755,-5.178919246683477,-0.36193991884630705,0.9796532520603982,bootstrap_sampling
7.1449165777263195,0.7183609232022237,-0.14365730008688105,-8.15711632109948,-5.4046698986818384,-0.3634382237198217,1.0839033776098432,bootstrap_sampling
7.436111663774895,0.4941163181043614,-0.30617080337498964,-9.560841830643014,-6.211594871268021,-0.4046007876577242,1.1124193402717566,bootstrap_sampling
7.350887420622174,0.6827884763430687,-0.1657138172334157,-7.8219347958774454,-4.856093053649366,-0.37823346963655524,1.1193399036676297,bootstrap_sampling
6.150629824481834,0.6557922793390849,-0.18323370059768393,-8.353539226470296,-5.651376955385065,-0.4066677155595535,1.0964123436651505,bootstrap_sampling
5.7194448501266315,1.7458088201444981,0.24199668329723706,-8.630435645679476,-6.259301125540992,-0.4614152538444145,1.107058880235833,bootstrap_sampling
6.13468980026009,1.728475232184272,0.23766316079322702,-7.253670645580059,-5.648291457827074,-0.29904209085270494,0.9641850932417881,bootstrap_sampling
5.753206124660224,0.8427464230796848,-0.0743030821057763,-7.343714510944007,-5.268142237004734,-0.34780472070163526,1.0037272008005864,bootstrap_sampling
6.793983778918952,1.1376539851852194,0.056010192485336556,-9.97570792996928,-7.2777117348292615,-0.4070116978896863,1.200400769384487,bootstrap_sampling
6.72496231908711,1.7641602498060942,0.24653803229552487,-8.068866375896349,-5.464840576659691,-0.4259112086312342,1.0554599939912137,bootstrap_sampling
5.298031993463454,0.6364123938022733,-0.1962613712826442,-8.16474311299165,-5.897854606883265,-0.38295890560243606,1.2124646357546922,bootstrap_sampling
5.465136456761127,1.158868792951653,0.06403426795432986,-7.6836654672226405,-5.519140487553615,-0.40927120609251233,1.1274901979242422,bootstrap_sampling
7.4514811699542385,1.103094286258185,0.042612635061765776,-9.041411339952013,-5.915957623426605,-0.42540317070834277,1.0426484910458136,bootstrap_sampling
5.06456085104781,1.769157213744551,0.24776642761179998,-6.547938372761217,-5.0525587716616975,-0.35049633766912436,1.1290086061758267,bootstrap_sampling
6.976715703792656,0.4498016163220465,-0.34697898829904256,-9.446304438973137,-6.422243915833985,-0.3785528997569614,1.1038263860473911,bootstrap_sampling
6.076684962861564,0.5413544778154609,-0.26651826660162536,-8.388611104668147,-5.600648138583074,-0.4111769610360696,1.0857421278167187,bootstrap_sampling
6.090789089340758,1.2719247149797939,0.10446140625228656,-7.4605441963900665,-5.015749467687386,-0.4196880163315697,1.0667716058462595,bootstrap_sampling
5.973010228464211,1.1510306405065813,0.06108688472954228,-7.939816110120463,-5.3448642090899225,-0.44617348487744835,1.1466763794242816,bootstrap_sampling
7.43698070848949,1.425438535902502,0.15394849551859352,-7.821603895414807,-5.13514272609004,-0.3867837352171506,1.2344518678309235,bootstrap_sampling
6.792103373265364,0.19617193609534944,-0.7073631216792219,-9.296055945571664,-5.340451854598058,-0.4641452912679931,1.13531688019102,bootstrap_sampling
5.727352904626515,0.6993373844152824,-0.15531325509838587,-8.064063828401153,-6.201593515401605,-0.29904209085270494,0.9641850932417881,bootstrap_sampling
6.448957181751287,0.9916689509585839,-0.003633284264271776,-8.093110558765844,-5.75541616101432,-0.36193991884630705,0.9796532520603982,bootstrap_sampling
7.367236445479906,0.9054133627923295,-0.043153100138816146,-8.857369399660026,-6.38618724802823,-0.32899880550329996,1.0977232471397969,bootstrap_sampling
7.436788277326393,1.3318663775549613,0.12446065546377902,-7.611252310272267,-5.510890165637321,-0.29980860613707705,1.0384886890174663,bootstrap_sampling
6.2776418909588445,0.9474748306482283,-0.023432318094216396,-8.057757651631924,-5.149768571407338,-0.4585340658765311,1.2579387036260528,bootstrap_sampling
5.7528060348709396,1.5655438257921115,0.19466522975125264,-9.061859600709624,-6.762572465357804,-0.43070106331703073,0.9167150248236737,bootstrap_sampling
5.316774815722851,1.1296178676830446,0.05293155319673342,-7.998234366218519,-5.973413591800431,-0.39261319708022313,1.1829462835853342,bootstrap_sampling
6.063252932400125,1.0755192118921615,0.031618172551683685,-6.796848894270806,-4.394848450023236,-0.4022862559722604,1.1753644800235996,bootstrap_sampling
6.422798204040166,0.95386943890386,-0.020511065383928866,-9.089226303291815,-6.9536178928783166,-0.32899880550329996,1.0977232471397969,bootstrap_sampling
5.804598315303505,0.4960225173400145,-0.3044986079159603,-8.428769591822778,-5.512547317552645,-0.4311562538898137,1.3580798025286285,bootstrap_sampling
6.7898370274857704,1.922173649847658,0.2837926194220177,-8.160328150068878,-5.8879259072751005,-0.3829763451479131,1.1555787701970424,bootstrap_sampling
5.9268970527360425,1.44835198837425,0.16087411989412753,-8.249619839103259,-5.93196867910021,-0.4196821598780929,1.0552461550436973,bootstrap_sampling
6.810877304732831,0.7993175661003162,-0.0972806427080812,-8.659924815171252,-5.776601273134222,-0.4074027158716902,1.1158811002694833,bootstrap_sampling
6.341037607233456,1.3503130796980982,0.13043447443678116,-7.607299848850943,-5.357705508242058,-0.3779583222038774,1.1274135544896637,bootstrap_sampling
6.100576399227431,0.9147469153191299,-0.03869904635312216,-7.031256014806843,-5.078712837088094,-0.31290883978563144,1.1271309947762695,bootstrap_sampling
5.23082749499506,1.631708757327693,0.212642644385411,-6.957867221480878,-5.126232651580013,-0.3937919455486387,1.073270918174348,bootstrap_sampling
5.754904358780321,1.9317343935317979,0.2859474122692594,-7.492780647569322,-5.391407641244974,-0.42434081652493205,1.1913652429999857,bootstrap_sampling
5.72880680905247,1.4226231439412071,0.1530898697380413,-7.505095430688407,-5.252309211830148,-0.42980873433731404,1.3685097868465377,bootstrap_sampling
6.159524238208431,1.4158354997920997,0.15101279736317544,-8.288915987739152,-5.908214530747394,-0.41596856984687136,1.2016665771479467,bootstrap_sampling
5.598754183645894,1.3783268309173666,0.13935221033937373,-7.637808970949078,-5.457236115340413,-0.4226642642209981,1.3334590210210528,bootstrap_sampling
5.065778886149709,1.0166197209755983,0.007158530143202518,-6.926552183176401,-4.897463362840133,-0.4021669710670466,1.1455047667493794,bootstrap_sampling
5.904098073467346,0.9377888906478344,-0.02789491636036051,-6.808050345090384,-4.362549994586196,-0.40880708234266194,1.1422598588733948,bootstrap_sampling
5.315370155422382,1.909782109452596,0.2809838206192615,-7.477995513101998,-5.662197503494419,-0.4021669710670466,1.1455047667493794,bootstrap_sampling
5.858923976886796,1.0039374334100388,0.001706647897187726,-8.652245396459827,-6.2464704089534795,-0.4109378132506478,1.1006485640044126,bootstrap_sampling
5.496444179784743,1.649253609570473,0.21728744325412636,-8.358974881719066,-6.126600330426732,-0.45175357494572665,1.1536044267495704,bootstrap_sampling
5.562210843968643,0.8628166052764144,-0.06408150530509547,-8.674877569937461,-5.819777851973066,-0.49723380324011046,1.3947934769780836,bootstrap_sampling
6.217881023359385,0.6696671166063692,-0.17414102617510013,-9.287525103907864,-6.136557802574134,-0.47185571642071267,1.2462577096537473,bootstrap_sampling
5.700719804701054,0.4235985919737048,-0.37304549214119725,-7.65690126001405,-4.951195768245222,-0.3947484205641629,1.2206429574329007,bootstrap_sampling
6.334586837642902,1.0288884496488284,0.012368291839134628,-7.578202010390896,-4.927149556943212,-0.4210606403612118,1.3092136767588904,bootstrap_sampling
7.588939448391315,0.7722551213020619,-0.11223920294124048,-8.526226418438176,-5.492342612401889,-0.38306973192406346,1.1296481321188097,bootstrap_sampling
6.369975339857715,0.4782853039965049,-0.3203129632452783,-9.23983951458144,-6.1856636638142914,-0.4211509727520486,1.1596612769464194,bootstrap_sampling
5.362452805584179,1.9012214611980784,0.27903270801452346,-7.037049104411433,-5.524633826273073,-0.3454046587707822,1.217781620537405,bootstrap_sampling
6.8974154510781815,1.3825172795892278,0.1406705681021271,-8.80428632138306,-5.781028292322819,-0.4636588448640637,1.2425459987288718,bootstrap_sampling
7.197191364973404,0.7316650776592954,-0.1356876733276941,-10.125443434244552,-6.338220189774285,-0.5006005651252359,1.358304518974279,bootstrap_sampling
7.70812257816741,1.226444584570977,0.08864792990992236,-7.400764401544707,-4.781210394204052,-0.3511750924537438,0.9853208279181587,bootstrap_sampling
5.139206524053833,0.26891047766423254,-0.5703922758610832,-8.708359870366474,-5.622290255566192,-0.4649375746706639,1.2213689197023925,bootstrap_sampling
7.699846309271232,1.0772013999361052,0.03229690915103097,-7.695417104518016,-4.873803131013694,-0.37080211358352955,1.0374154407502871,bootstrap_sampling
5.797999428539966,1.6355689235792985,0.21366885020325418,-8.220929079604915,-5.7951976801947,-0.4690024659001857,1.3738297818500875,bootstrap_sampling
6.832107025487364,0.33274001428053057,-0.4778949690852537,-8.694036292888347,-5.209934894606249,-0.43394756384114075,1.0866931695555664,bootstrap_sampling
5.284625632960057,0.389012199279697,-0.4100367791452902,-8.333623479328857,-5.6139583878285215,-0.41901435658824937,1.2324042812675344,bootstrap_sampling
7.678265178507331,0.4760041034714292,-0.32238930335657234,-8.977882151991874,-5.080423233651475,-0.4635988703302303,1.047875509426607,bootstrap_sampling
6.421093092742139,1.1036593551074374,0.04283504891339765,-7.8240535789065895,-4.642159200991644,-0.503557330900442,1.2021492361000767,bootstrap_sampling
5.02896210954774,0.7711521417179936,-0.11285993091115014,-8.169792766253696,-6.454843507753626,-0.3197375041839514,0.9480908245624846,bootstrap_sampling
7.112679630801519,0.20389191061696482,-0.690600004452883,-9.811844737735402,-5.618459282387532,-0.4790715019236167,1.1380007773687915,bootstrap_sampling
7.022343390889631,0.23835427932063807,-0.6227770465116149,-9.942700321305827,-6.529638444124627,-0.3859849555332602,1.128081035812997,bootstrap_sampling
5.708121142989841,0.7344900655440605,-0.13401407394938594,-7.269079034644389,-4.550803179040882,-0.4509651748974548,1.0753497880652603,bootstrap_sampling
6.56365040269467,1.1499802186811126,0.060690369926198424,-7.986057359669861,-5.580611556847703,-0.37628062756490266,1.0599488831365598,bootstrap_sampling
6.76485760260051,0.33316010615425756,-0.47734700820866943,-8.64483765087454,-5.823822407013265,-0.34145285653899293,1.0707834815848862,bootstrap_sampling
7.2791781352609055,0.18946720322795874,-0.7224659555630425,-8.381298822249372,-5.713752255228933,-0.2789374031023115,0.881856807709525,bootstrap_sampling
5.857280835592271,0.9344550736705928,-0.029441573606682713,-7.742764883077728,-5.5687471288321255,-0.36584291938537916,1.0588100387887103,bootstrap_sampling
6.5213942362949835,1.6562394709706865,0.21912313039703982,-8.63467050920111,-6.131590454857307,-0.42980873433731404,1.3685097868465377,bootstrap_sampling
7.187198933451782,0.6344606804664237,-0.19759528733694715,-8.51424367284752,-5.422176324562521,-0.40472956485873723,0.9271245982880458,bootstrap_sampling
6.956207340356084,1.268861785788288,0.10341431796658984,-8.40122626076352,-6.25170901055389,-0.3272606520895813,1.2278348159357968,bootstrap_sampling
7.0170745024490415,0.5009946366923543,-0.30016692336904754,-9.161233969857316,-5.319388332802535,-0.4870057493194544,1.414179837654025,bootstrap_sampling
6.694453473784229,1.770189294923376,0.24801971005953247,-8.63945210869143,-5.73937712833079,-0.4764225514616278,1.1664944862299684,bootstrap_sampling
5.494248253593469,1.3782703725447611,0.13933442060959209,-7.521929603227349,-5.745288407702492,-0.3542641295320159,1.2184633109641254,bootstrap_sampling
7.303175572769101,1.4615811044078377,0.16482291974099608,-8.453795593041225,-5.251187282661341,-0.4641452912679931,1.13531688019102,bootstrap_sampling
6.54644749987216,0.711708755390519,-0.147697691480366,-8.452665152587425,-5.280563603874071,-0.4616121050015174,1.0168211602373702,bootstrap_sampling
5.991008165019998,1.863790285083748,0.270397043664535,-7.490416832573873,-5.405432345476816,-0.39367695166436434,1.0116136663228268,bootstrap_sampling
7.567845688866603,0.9495743024519192,-0.022471046848683836,-9.580937559320054,-5.92982629004647,-0.4790715019236167,1.1380007773687915,bootstrap_sampling
5.6080736204062465,1.8030231791589442,0.25600130992601694,-7.617018320359556,-5.739630825966988,-0.3864634385179535,1.1325251440910478,bootstrap_sampling
6.917849324054667,1.3529331193798921,0.13127632830333513,-7.074732692025876,-5.002595684781898,-0.3180958933066371,0.9781082005524446,bootstrap_sampling
6.620778470463222,1.2367680444768476,0.0922882554498475,-7.353946767212893,-5.3536831154979705,-0.31649562851669444,1.03137491439373,bootstrap_sampling
7.339409362955825,1.199133361614061,0.07886748584470189,-9.235131584125956,-5.792202716280247,-0.48330403523695864,1.3216763842581756,bootstrap_sampling
5.61481060308128,0.4830620135088539,-0.31599711273522246,-8.816469250482921,-6.007225519525437,-0.4317663704621566,1.2182305486924108,bootstrap_sampling
6.858460933615146,1.4541341214138361,0.16260446532879866,-8.044948209729608,-5.541849036763856,-0.38743240597925777,0.9476421668244299,bootstrap_sampling
6.188846071003357,1.8348463261591705,0.263599696655775,-7.910622559164159,-5.367929515385311,-0.4677630519503957,1.3361945666608612,bootstrap_sampling
7.1520258595857324,1.670323713836067,0.2228006469013148,-7.453764817716148,-4.908904378148685,-0.3879417494235291,1.0310068104258754,bootstrap_sampling
6.556123695301357,1.7688660293896017,0.24769494150209057,-7.710721096022196,-5.027013795491393,-0.45734459280118855,1.2705161411153156,bootstrap_sampling
7.0964802383671515,0.785233382725121,-0.10500124546386744,-7.848193467474859,-4.833915006316911,-0.4097114078842594,1.0168408117640695,bootstrap_sampling
5.606097177854171,1.7870539665869238,0.25213766780335883,-7.3571475380791105,-5.390034765812841,-0.3965934605558843,1.0162254213889383,bootstrap_sampling
6.8581923221329735,1.9803111407164786,0.29673343070615216,-8.420018221086105,-6.026742728919571,-0.4052709118584481,1.3013375776566924,bootstrap_sampling
6.807077926176633,0.25858574148587465,-0.5873954259549562,-9.209867019531472,-5.618638989475615,-0.422495174291619,1.2176983742363667,bootstrap_sampling
6.271555164428996,1.0821892191983418,0.03430320316337876,-7.261202309617433,-5.250887744032733,-0.3272606520895813,1.2278348159357968,bootstrap_sampling
5.637853463722787,0.522552810702153,-0.281869811939334,-7.5228347285199195,-5.220465161545393,-0.3604213787921502,0.9591897986211073,bootstrap_sampling
5.616606868050013,0.7563375215128929,-0.12128435394503599,-7.621376280883326,-5.361316594088887,-0.3785528997569614,1.1038263860473911,bootstrap_sampling
5.761697585653389,1.7768613548349723,0.2496535419419362,-6.892665319659719,-5.192642109355136,-0.34145285653899293,1.0707834815848862,bootstrap_sampling
6.386190230205404,1.3189410047741337,0.12022537031963712,-8.55427415858627,-5.820609139916766,-0.4493030000307314,1.1284590778804393,bootstrap_sampling
6.610938612817334,0.30429684342413943,-0.5167025527045613,-9.585220346404796,-5.745654199438167,-0.49517250136846513,1.095429342668897,bootstrap_sampling
7.0984420061937445,1.8623625144385814,0.2700642215950557,-7.191697984153299,-5.2744222889969015,-0.30444929970956025,0.9028963600511162,bootstrap_sampling
5.135090722674247,1.8468997545236814,0.2664433235730524,-8.355521773990215,-6.343758062141744,-0.4525380509803938,1.171206811314505,bootstrap_sampling
6.0071565590256695,0.4615311807580887,-0.3357989529831675,-9.725767331817751,-6.886429521102496,-0.40880708234266194,1.1422598588733948,bootstrap_sampling
6.772701092277131,0.4549026897734159,-0.34208149524237164,-8.778714543341884,-5.058394178948781,-0.4761259055498499,1.4489585981931299,bootstrap_sampling
6.015997360389802,1.855847093044509,0.2685421909654793,-8.463847429350672,-6.0648469979379565,-0.4497611229229257,1.1423206751783468,bootstrap_sampling
5.676803870495733,0.577830238007758,-0.23819973515312104,-8.400652909048116,-5.838101893440952,-0.40232521525162923,1.1697312605724584,bootstrap_sampling
6.357217740384432,0.9053841233340028,-0.043167125490081046,-7.407635310939215,-5.093006701191518,-0.35729248520654977,1.001745745069627,bootstrap_sampling
6.693636035639111,1.0089959857460036,0.0038894384154758693,-7.972544440981835,-5.672082007192784,-0.3443582882793308,1.1689640824207785,bootstrap_sampling
6.70021856620132,0.20604959080577984,-0.6860282436046601,-10.10877142347385,-5.859768618888912,-0.5015220080430716,1.2954214979060161,bootstrap_sampling
7.158470743134869,0.5292870847569744,-0.27630870318842476,-10.454362953115925,-6.826528429131284,-0.4555007180902919,1.3287527892597488,bootstrap_sampling
5.033555709721595,0.7466882987133989,-0.1268606544090151,-7.377254025118723,-5.439470740161009,-0.3542641295320159,1.2184633109641254,bootstrap_sampling
6.468780333224766,0.15853364158386404,-0.7998785643362483,-9.201441194356141,-5.663244793010053,-0.40232521525162923,1.1697312605724584,bootstrap_sampling
6.168217686774656,0.34174188309033293,-0.4663017918177608,-7.924183145371336,-5.2881586743339195,-0.34795796610595886,1.0502725892160107,bootstrap_sampling
6.891765708785046,1.40812863614204,0.1486423305268564,-9.291925905974953,-6.363171684749247,-0.4493030000307314,1.1284590778804393,bootstrap_sampling
7.519738147781703,0.9209171663206837,-0.0357794315053002,-8.913534913810768,-5.530139885703557,-0.44454437592839113,1.1329896633676846,bootstrap_sampling
7.507542360487195,0.3690976929394581,-0.4328586693716528,-9.3627164925958,-5.273473395966263,-0.4790715019236167,1.1380007773687915,bootstrap_sampling
6.782852474203921,0.15514816559009714,-0.8092533549738413,-9.855670946334147,-6.03933230850137,-0.4609500120328178,0.8523692907692038,bootstrap_sampling
6.245749359410216,1.1616130898668053,0.06506149731684134,-8.204567606403112,-5.611005570323792,-0.4286329281977217,1.2845047236884426,bootstrap_sampling
6.513354411073973,0.2789055433740102,-0.5545428538486187,-8.395505544406154,-5.14081804696795,-0.4021669710670466,1.1455047667493794,bootstrap_sampling
5.484341013816108,0.17926308405870234,-0.7465091362062204,-8.933753635070559,-5.9680728166694434,-0.3889000269803766,1.1156199030474845,bootstrap_sampling
6.588561189534357,0.8063859992132993,-0.09345702122244848,-7.909124754683786,-5.451988156454475,-0.35712371441967505,1.1150061512602392,bootstrap_sampling
7.478948119159714,0.5885858309023555,-0.2301901969339744,-8.131710686981329,-5.265684961035783,-0.35003488852835574,1.077947532306478,bootstrap_sampling
7.034791371544635,1.8486564478101795,0.2668562098702242,-8.613835172678822,-5.632145926683293,-0.4635988703302303,1.047875509426607,bootstrap_sampling
5.972632870929768,0.972327617629807,-0.01218737853498591,-8.530885321018458,-6.205344524000532,-0.38743240597925777,0.9476421668244299,bootstrap_sampling
5.0822404492148685,0.603146491386561,-0.21957719420448107,-7.975883153976033,-5.609450364598479,-0.41734212147578376,1.1176013945403298,bootstrap_sampling
6.930769071969254,0.16265846366111472,-0.7887233340071681,-9.639966252347921,-5.978195670297095,-0.4061737190988808,1.0734744305991093,bootstrap_sampling
6.472463244605449,1.1081192047448156,0.04458648167241176,-7.840352967047347,-5.076340772591351,-0.4360636382265213,1.3096722164158017,bootstrap_sampling
7.779702386262629,1.5576546341738562,0.19247117150126045,-8.60977997327872,-5.773343887178787,-0.39109199679308304,1.0710344463096995,bootstrap_sampling
7.598363683880525,1.5595410671995662,0.19299681546592945,-8.536328445222805,-5.290132863444438,-0.45571649517913926,1.1218013354958103,bootstrap_sampling
5.169045854607247,1.153459710934808,0.06200242969866292,-7.310993287329124,-5.204139397834555,-0.42223640618479763,1.221007885128948,bootstrap_sampling
7.007526453969229,0.7274600207992474,-0.13819086931576421,-8.360014745391688,-5.598976154494345,-0.37329653261942397,1.0503824464702447,bootstrap_sampling
7.758809987265404,1.915875797919036,0.28236735128387136,-8.886746369810362,-6.199898783387973,-0.38670573762259863,1.1103576647622582,bootstrap_sampling
5.463685483256255,1.2760215144914713,0.10585799691347966,-7.754604177860398,-5.893583847688136,-0.3624304033337289,1.1258989088028493,bootstrap_sampling
5.517567967492763,0.415053506983605,-0.3818959122281512,-7.5762447487647915,-5.062376108758118,-0.37193992071650683,1.208876117410945,bootstrap_sampling
7.355283688275461,1.5653339614243145,0.19460700778079373,-7.4605449347374355,-4.5344906352952865,-0.42540317070834277,1.0426484910458136,bootstrap_sampling
5.9216968438423585,1.8395758594009781,0.2647177017294973,-7.312580399543355,-5.166118298825481,-0.41786574022262,1.2391016247317133,bootstrap_sampling
7.7422093464896,0.6156448082975162,-0.2106697785608936,-9.838674048693608,-6.47736098120345,-0.40232521525162923,1.1697312605724584,bootstrap_sampling
6.706769883010976,0.81295151054339,-0.08993535764265925,-8.883182012224875,-5.566933720083702,-0.4825028415135648,0.8918935590325745,bootstrap_sampling
7.668497975700008,0.24735636663131239,-0.6066769069805628,-9.759556454619657,-6.246810015719697,-0.3672794098155592,1.147670234686153,bootstrap_sampling
6.810985139770135,0.6976347603932758,-0.15637188835231125,-9.482877643393122,-6.347598296434654,-0.43193095775587764,1.2368208526123183,bootstrap_sampling
5.146694355152807,1.249672701252185,0.09679628288582803,-7.531356321644338,-5.6249955383954795,-0.3928520938016682,1.1935258967166682,bootstrap_sampling
6.4065570316732,0.248062308734661,-0.605439218605958,-9.233300544237208,-6.557836232962137,-0.3111883045446717,1.1261554746814255,bootstrap_sampling
5.625508217108538,0.9558496379734713,-0.01961041999830352,-7.154542873522056,-4.792646838200572,-0.41556350485993576,1.230984548193291,bootstrap_sampling
6.590416653983446,1.8029473955355384,0.25598305552887923,-8.29064930882096,-5.507466416711558,-0.46558777323921774,1.1142711065312163,bootstrap_sampling
7.373840052170612,0.8898436138663619,-0.05068631200974975,-9.841523566657084,-6.07772035847705,-0.5015220080430716,1.2954214979060161,bootstrap_sampling
5.631807493515394,0.23071686402780955,-0.6369206599802281,-8.96377209576925,-5.720667043861908,-0.44617348487744835,1.1466763794242816,bootstrap_sampling
5.48287509652829,1.9880139753802373,0.29841943308402386,-7.5843160838598385,-5.244930176534466,-0.5006005651252359,1.358304518974279,bootstrap_sampling
5.482358906967616,1.740515733443387,0.2406779534558492,-8.174826634921086,-6.110558227541114,-0.424716715039839,1.0976537504303572,bootstrap_sampling
5.223680153428144,1.5062540509689342,0.17789822792630539,-7.738777302349692,-5.743972332124647,-0.41842533789676395,1.0731706845153823,bootstrap_sampling
6.690291034168266,1.6633622121950664,0.22098683107692518,-8.655037769751038,-6.410007748769995,-0.375550406042926,1.2105313793701846,bootstrap_sampling
5.9794708748318595,1.600142790314138,0.2041587390799995,-6.264463534912842,-4.4134683728064354,-0.3483769741645304,1.1369330033014187,bootstrap_sampling
6.061408535359526,1.0018252126693885,0.000791957265058641,-8.253155569481203,-5.57525477862387,-0.44195070497917044,1.1907012577261433,bootstrap_sampling
6.203163440190608,1.5539991564472377,0.19145077871817134,-7.6769071270874445,-5.624311326152951,-0.36353642376082007,1.0576089241941986,bootstrap_sampling
6.643602521828048,1.7229692414101498,0.23627752445610803,-8.843439613540113,-6.397378182087428,-0.40880708234266194,1.1422598588733948,bootstrap_sampling
5.895803309421237,0.406881818472306,-0.39053171617661653,-8.15964395277629,-5.546035166546635,-0.3672794098155592,1.147670234686153,bootstrap_sampling
7.092021440848551,0.8776091476442609,-0.05669885859797607,-8.40800885731131,-5.37967983666033,-0.41842533789676395,1.0731706845153823,bootstrap_sampling
6.537244879187909,0.5330915315955347,-0.2731982163880754,-9.169433072069044,-6.046029070852147,-0.4261230987015736,1.2362194775335027,bootstrap_sampling
6.643441064570679,1.1576774535670935,0.06358757523910465,-7.249793619784163,-4.974146572788251,-0.3525880714390155,1.0497495057615112,bootstrap_sampling
6.69090692046598,0.9791214775172481,-0.009163422862280453,-9.191335066260487,-6.256624346469735,-0.43707821453847373,1.1197856417389076,bootstrap_sampling
7.090296682651276,0.3119916340808689,-0.5058570512418987,-8.274135901914196,-4.78246503157087,-0.41903799181233836,1.029079629933868,bootstrap_sampling
5.998917725714542,0.2026825592186023,-0.6931836206261863,-9.805416566286496,-6.281212147842409,-0.4528617461145288,1.1649497165702307,bootstrap_sampling
6.38195837763776,1.4226860542846016,0.15310907441007648,-7.528085089958648,-4.971619740692742,-0.42705122635938153,1.103512663307626,bootstrap_sampling
5.3243528281577195,1.5827908353405828,0.19942352695377258,-7.516048878334846,-5.641123643921032,-0.3986125444745525,1.240719176307465,bootstrap_sampling
6.512446785115807,0.3805150508925441,-0.4196281604694789,-8.873219874510514,-5.6426921139924975,-0.42587802754767523,1.0891065286285517,bootstrap_sampling
7.4181162370345115,0.916352395633206,-0.0379374804285344,-7.060652458433541,-4.3113150184471625,-0.36523352559802547,1.0541736822413341,bootstrap_sampling
7.58744385073049,0.9155949969832189,-0.038296589073638414,-8.375745942517213,-5.3485045099826305,-0.3936767039749256,1.0507866825112764,bootstrap_sampling
5.802499460289296,0.9810447400551123,-0.008311186385604304,-7.794630686203493,-6.111493756016185,-0.28856504318164866,1.0514049934639829,bootstrap_sampling
5.694240596475267,1.0768219423319827,0.03214389656100228,-8.664581219843559,-6.301152945358401,-0.4209732092723115,1.0482383091848355,bootstrap_sampling
6.554537612487753,1.2988446603829105,0.1135572132958142,-8.268955315773507,-5.816885380478617,-0.3943714306987509,1.16991635013623,bootstrap_sampling
7.353533263465712,0.7920303082261051,-0.10125819916365628,-8.812354829700999,-5.978442703740113,-0.3715429918064679,1.0049396270616207,bootstrap_sampling
5.01785838738791,1.8133398271231935,0.25847920024251736,-7.610153967054563,-6.008506844579769,-0.37329653261942397,1.0503824464702447,bootstrap_sampling
7.578387369283918,0.5301440970135187,-0.27560606996121656,-8.793581255183703,-6.109187005865726,-0.3197375041839514,0.9480908245624846,bootstrap_sampling
5.12225095038897,1.6558803252540986,0.21902894599966238,-7.05303951307375,-5.390080650588566,-0.36458052462304735,0.933730815007646,bootstrap_sampling
5.380700093593878,0.9640247338263592,-0.015911823331087135,-8.605696936698358,-6.023787306514,-0.4759127945189192,1.3301814464300747,bootstrap_sampling
7.446310440880129,0.7103447405235304,-0.1485308307586584,-9.631223391382127,-6.398479250468229,-0.40950442864117775,1.2350771715167994,bootstrap_sampling
5.408816555329961,1.3174130120204832,0.11972194863091365,-9.020900252067781,-6.498441218234494,-0.49723380324011046,1.3947934769780836,bootstrap_sampling
6.2868269125189125,1.08609189729428,0.03586657368679738,-7.773861505629377,-5.6284384725346195,-0.3471449685605883,1.0320834691579996,bootstrap_sampling
6.824000305886659,0.176372060711295,-0.7535702108137942,-9.913270479380827,-6.282400052400005,-0.4176137921945191,1.0364976880647134,bootstrap_sampling
6.176094431218257,0.8808265712481971,-0.055109592796054874,-8.851796506233299,-6.3763856597390465,-0.3911838652026809,1.078257922417393,bootstrap_sampling
6.900216325593452,1.1819120507667131,0.07258516073491753,-8.556330414086263,-6.148547285104478,-0.3592298772404625,0.9778959483606933,bootstrap_sampling
6.065759910940032,1.637631192025708,0.2142161017573028,-9.572977160731346,-7.3145444970549764,-0.4088993713532787,1.0356492759740235,bootstrap_sampling
7.564834432868128,1.2834006901383577,0.10836226849358514,-8.449564934633761,-5.586896136962853,-0.3937919455486387,1.073270918174348,bootstrap_sampling
6.846764308359177,1.847174363683005,0.2665078925226607,-8.002204844834843,-5.068900656566262,-0.4742203791098021,1.1765917127212582,bootstrap_sampling
7.6590959651420825,1.155725231861713,0.06285459492340399,-8.809331738382907,-5.8084478162144855,-0.4009881136083919,1.1188127284130047,bootstrap_sampling
7.491289348410966,1.6621650989476453,0.22067415903945126,-8.121987144072154,-5.073556529328322,-0.4433441945955323,1.2361620821255705,bootstrap_sampling
6.7379679980033265,1.8310202950586454,0.26269315805545507,-7.600985696156497,-5.389738485119193,-0.36458052462304735,0.933730815007646,bootstrap_sampling
7.690936113637777,1.176591183710132,0.07062558986106092,-8.46027134977275,-5.36937659276614,-0.4125328877131089,1.1592020304605661,bootstrap_sampling
7.15928165073383,0.7174601779038641,-0.14420219911879298,-8.512466689082267,-5.609440211706865,-0.3797158500847182,1.2796875533019048,bootstrap_sampling
6.435156429831925,0.26828563924309135,-0.5714025735613805,-8.018318770409154,-4.76127795582723,-0.4114123996002057,1.0667394481320152,bootstrap_sampling
5.862406068942631,1.1337399026510104,0.0545134321585809,-7.8587712043746665,-5.436623573968694,-0.4235374371205154,1.115336330629006,bootstrap_sampling
6.7468571422397865,0.6100640171984022,-0.2146245898134281,-7.492275241264518,-4.453949612945644,-0.4143913225976199,1.1298172962367588,bootstrap_sampling
6.1774127311624785,1.0247556565921372,0.010620324275654585,-7.440971850787197,-4.950671762570891,-0.4049410813560783,1.053461535923109,bootstrap_sampling
6.8602738880180025,1.186920094572842,0.07442148251467794,-7.987297430904825,-5.2648665717506695,-0.4084320260926262,1.0685718933869808,bootstrap_sampling
7.335161134515792,0.8739756847533562,-0.05850064988772392,-8.859620782488335,-4.843393947521251,-0.5373221081312742,1.2800300651392291,bootstrap_sampling
6.206875389507263,0.7895645496804728,-0.10261235910206411,-7.5815355239245505,-5.044174862780898,-0.39109199679308304,1.0710344463096995,bootstrap_sampling
6.089523940106449,1.023124670879534,0.009928557051459322,-8.892587128420717,-5.901303235209156,-0.493264998798864,1.2554821134727057,bootstrap_sampling
6.377468834939842,0.5442786122955006,-0.2641787311698667,-8.878656579443305,-5.621270930150907,-0.4619914260094653,1.1774215377982564,bootstrap_sampling
5.299261500287808,1.795634752104794,0.2542180019987713,-6.386664592215813,-4.662571301951289,-0.37897139637456334,1.1178407430599009,bootstrap_sampling
5.92898236326649,0.6133959673396117,-0.2122590835343469,-7.841255028194709,-5.284889525215369,-0.39280450630840846,1.0714948405418099,bootstrap_sampling
6.550677029420797,1.3639255851012597,0.13479067614047308,-8.318223932225065,-5.4841807158336895,-0.45571649517913926,1.1218013354958103,bootstrap_sampling
7.280247857790588,1.8086533013462098,0.25735532543221246,-7.723579442455778,-5.23281107657483,-0.3829763451479131,1.1555787701970424,bootstrap_sampling
5.901678553439464,1.5255582986956533,0.18342880871263986,-7.191297065650836,-5.028059826765123,-0.40060531650860653,1.0958287706150607,bootstrap_sampling
6.423225446491269,0.3220385869357031,-0.4920920876544025,-8.254725419039728,-5.207745142478792,-0.3889000269803766,1.1156199030474845,bootstrap_sampling
7.379965374217362,1.7717745383732717,0.24840845628119615,-7.948970966194816,-5.637190547033157,-0.3542641295320159,1.2184633109641254,bootstrap_sampling
5.935032859405765,0.1647617406385106,-0.7831436285527955,-8.779787242550718,-5.4941887525899125,-0.40984255886594667,1.089416302198714,bootstrap_sampling
5.613919784244658,1.8803027984762428,0.2742277924117149,-7.553855310991828,-5.590510602684158,-0.40349560289010356,1.1007171700511904,bootstrap_sampling
7.693154411231834,0.8248456505558985,-0.08362731130857268,-9.331192191952132,-6.126375073900487,-0.4041707186983601,1.1416051659767845,bootstrap_sampling
7.042465240317579,0.7742735398553746,-0.11110558213018559,-8.28577800105953,-5.524941097518043,-0.37597306366054895,1.0175876787530562,bootstrap_sampling
7.534640823163394,1.6389419161998333,0.21456356252663808,-7.5336441917631936,-4.9623750022289865,-0.37080211358352955,1.0374154407502871,bootstrap_sampling
5.306510257168824,0.9428245912322768,-0.025569098509613156,-7.751165310930265,-5.877868271429781,-0.34795796610595886,1.0502725892160107,bootstrap_sampling
5.468147432495884,0.8720061787248545,-0.05948043780068652,-7.71730224337222,-5.487884587928182,-0.39551753096645825,1.1208640428319043,bootstrap_sampling
7.6470448508099516,0.8087662835914375,-0.09217696220860415,-7.286597179418436,-4.290038813501239,-0.3785528997569614,1.1038263860473911,bootstrap_sampling
6.954139517399925,0.6301251599289209,-0.2005731793276648,-8.48197471291813,-5.442339768565087,-0.4041707186983601,1.1416051659767845,bootstrap_sampling
7.108375954552826,1.5599713687218224,0.19311662750816,-7.366868490140156,-4.669939097094942,-0.4084320260926262,1.0685718933869808,bootstrap_sampling
6.2568503608373645,1.3777113595592103,0.1391582392833965,-7.308258106407646,-5.6857061558168445,-0.2789374031023115,0.881856807709525,bootstrap_sampling
6.795134750180669,0.22655963546108465,-0.6448174627781372,-9.677793085150999,-5.932783803771419,-0.43602929360589116,1.212950209089744,bootstrap_sampling
5.683314405366806,0.2228128366051263,-0.6520597923754131,-8.677329534414959,-5.570022779087676,-0.4129239649831362,1.1663501502628826,bootstrap_sampling
6.62643729082674,1.7842348923055074,0.2514520281325503,-7.47942303640407,-4.976604719091964,-0.41842533789676395,1.0731706845153823,bootstrap_sampling
7.16591101504096,0.8206890270442841,-0.08582137323689228,-8.941649709904144,-5.9614481899172995,-0.4021669710670466,1.1455047667493794,bootstrap_sampling
5.0941958719238984,0.1936935971021123,-0.7128847354459981,-7.923616017789916,-5.295119789445182,-0.37080211358352955,1.0374154407502871,bootstrap_sampling
5.103765006406503,0.561117469665825,-0.25094620988973143,-8.61362324425391,-5.91513946266356,-0.48091266618701667,0.9723938244559527,bootstrap_sampling
7.182398375429429,0.6696794396765475,-0.174133034455028,-8.382871044290287,-5.73471443860823,-0.3422237831701054,1.0920906650650082,bootstrap_sampling
6.85920758851542,1.4093591719075544,0.14902168615366734,-7.556484368255216,-5.464957874392575,-0.32575663953922174,0.958960563140522,bootstrap_sampling
6.445173305081895,1.6780315534986172,0.22480012298940008,-7.9586041266756435,-5.675129856786308,-0.3953125847360752,1.1760840914976143,bootstrap_sampling
5.799427219090757,1.9152121679710237,0.28221689228637703,-6.633236535222943,-4.907449677675501,-0.35003488852835574,1.077947532306478,bootstrap_sampling
5.359622123514879,0.9571227263853659,-0.019032371549526514,-8.172946392622457,-5.960154995808968,-0.40880708234266194,1.1422598588733948,bootstrap_sampling
6.672095241313203,0.22421843835525176,-0.6493286765462152,-9.858725598832171,-6.584194753734086,-0.3861218294143818,1.0754017952964077,bootstrap_sampling
5.368223363900141,0.6129677220268492,-0.21256239418420703,-7.587763648123327,-5.2860524089912975,-0.3879417494235291,1.0310068104258754,bootstrap_sampling
5.858117137843916,1.0108318392333029,0.0046789128932648635,-7.664751905493844,-5.793772584681726,-0.3202595806027837,1.098292913969651,bootstrap_sampling
6.74733164615624,0.25568595825590995,-0.5922931218736381,-9.84411207270767,-5.75788275552094,-0.48964494734249797,1.3210223784586077,bootstrap_sampling
6.282333776178531,1.5729025055623456,0.1967018042453471,-8.320775101235125,-5.573002108953823,-0.4742203791098021,1.1765917127212582,bootstrap_sampling
5.170721097885674,0.1843904606406167,-0.734261550735234,-8.336174387355673,-5.324286550582043,-0.4213519450867409,1.1347379470491887,bootstrap_sampling
6.178289111244405,1.547683774521905,0.189682229596563,-7.098874295389466,-5.274443150733467,-0.32899880550329996,1.0977232471397969,bootstrap_sampling
5.650430672533643,1.0695165565849054,0.029187512028451677,-8.256723338762164,-5.862085763343662,-0.4300062059024796,1.2019756859881383,bootstrap_sampling
