logAge,Mstar,logMstar,logMacc,a_value,b_value,c_value,is_synthetic
7.641255037186972,1.7187940852779284,0.23522385051827852,-8.341522563781337,-0.39880313646976717,1.158477718777893,-5.566667678136333,True
5.667445923551006,1.9300144886132404,0.28556056926744344,-6.751776744501096,-0.38404242305932995,1.173390219130454,-4.9103110584105885,True
7.363057545288805,0.9131563217484042,-0.039454869934002955,-9.980147867728572,-0.4731592495002962,1.0393458551174333,-6.455241830042125,True
5.20940318089972,0.36171606569373516,-0.4416322015309238,-8.36607853788876,-0.4588660285694242,1.0288702212270193,-5.521278168162282,True
7.312623630046359,0.6747790440309227,-0.17083841334292016,-7.863049366532832,-0.4870218857339432,1.1311501382972429,-4.108397721685735,True
7.531971297539676,0.4676371348341613,-0.3300910090302806,-8.954956137247926,-0.39415805438662394,1.0459944463747979,-5.640895622669866,True
5.292660066923297,1.2572128236709543,0.09940880220644735,-7.540976709836019,-0.41528924074073476,1.1208341411802731,-5.45441270859146,True
5.932116718110458,0.39735855009562104,-0.40081743768824046,-8.704284996520688,-0.40682564709632846,1.2135674749005023,-5.8045287682730455,True
5.709115709498066,0.3030332037535066,-0.5185097826631179,-7.7994040268587135,-0.3791984277652104,1.075902058820552,-5.076650583201538,True
5.841856213945767,1.346648857118633,0.129254366846699,-7.917033216734509,-0.4585501489261964,0.9867278622618022,-5.365788064910898,True
5.695993962098234,1.706278899113741,0.23205002005917186,-7.479418704268317,-0.42285301825828076,1.1319376777294923,-5.333516626236997,True
7.5311999607491,1.4496862750615143,0.16127402723407688,-7.516825824437687,-0.39590326181002233,1.1303145449676861,-4.717489573341798,True
5.66074256405226,0.8842695648673107,-0.05341532244347663,-8.411729051404162,-0.4168590638319035,1.2428208383748214,-5.985611529738664,True
6.1903649680940775,1.1299994832943072,0.05307824489715207,-8.859951199575905,-0.49375189324528035,1.0385354061561336,-5.8585704133225125,True
7.30153690339235,0.8367105647905229,-0.07742474732687334,-8.594487184785049,-0.4164597661690626,1.0390399563693735,-5.473243427239065,True
7.460317396253876,1.2486588078114254,0.09644378494939651,-7.477024881945759,-0.39802398379713855,1.1491580535204837,-4.618468783684292,True
7.070191198332836,1.4479851800309733,0.16076411692762865,-7.813680796608774,-0.4203535856940943,1.1224585673873864,-5.0221516352206255,True
6.213134899031307,0.7651994977938497,-0.11622532367536309,-9.046962115155342,-0.4410274012246319,0.9898440380407311,-6.191754433468086,True
7.4294315988803366,1.4280528533767936,0.154744281323289,-8.475273805032854,-0.40276981600712375,1.0604697338036426,-5.647024633736854,True
5.190675173043412,0.6134720278488502,-0.21220523477535252,-8.14723024231292,-0.381260229554443,0.9950957396672793,-5.957067709235793,True
5.209460047062109,1.318440894166443,0.12006066510197269,-7.760684998810941,-0.48401981244170117,1.1583008900223923,-5.378269499153698,True
5.188236457635377,1.9566048381835772,0.2915031230901588,-6.681539817976541,-0.378181965151967,1.1610440810917295,-5.057890334438496,True
5.900315690316063,0.652568887768666,-0.18537363571590765,-9.087302319856102,-0.4255318989394103,1.1309461175994937,-6.366882186195701,True
5.684941711947305,1.2180842989615608,0.08567734519912898,-7.9348664857132185,-0.4235301012232979,1.1794267704363526,-5.628172701551398,True
5.884506417285159,1.4169632929767577,0.1513585998140609,-7.237903718749797,-0.3970016056921022,1.1633591013674998,-5.077829627046038,True
7.052528362221613,0.2809871818603845,-0.5513134913912767,-9.067299623160327,-0.35207011817972833,1.1572606803526393,-5.946301703072019,True
6.2444307496836755,1.7596705402186186,0.24543136329212373,-8.42423620993045,-0.38073162574634223,1.2993114056737791,-6.365675708378455,True
7.12094546061391,0.5268812385964691,-0.27828726568815826,-8.847917397815877,-0.44153143073659584,1.2906827072478821,-5.344615598922746,True
6.3235975481926445,1.5644197814989051,0.19435329880496083,-9.540382367884586,-0.49649399320956694,1.130805226232386,-6.620529895756347,True
6.939103232719546,0.17951179926399238,-0.7459070000838378,-8.576905887838173,-0.40847450536798807,1.0789103035366148,-4.93769237928511,True
5.201482679121442,0.7505693664422597,-0.12460916475184237,-8.152816341646027,-0.40526851502379996,1.1385648036854952,-5.902943571153368,True
5.619117111084928,1.657156836085352,0.21936361271816826,-8.408919115796781,-0.48384180556592604,1.0872416598325145,-5.928656605481617,True
5.920579973394513,1.049506281986585,0.020985042464816684,-8.25662537990328,-0.42326917789703944,1.292261180330031,-5.77774451763577,True
5.819764607177271,0.2339231847379589,-0.6309267319969145,-8.305976607496868,-0.3551905419480901,1.0901814036315038,-5.551026672386226,True
7.148859364371361,1.2635077786557205,0.10157791995348572,-8.421403877680474,-0.4090312665851155,1.1572588541469413,-5.614848824484793,True
7.253757572263846,1.2886966052324136,0.11015068447328666,-7.832415948312992,-0.44237387266604816,1.0983537805258865,-4.74452754040871,True
5.340246786205648,1.4431228538647802,0.15930330440217738,-6.523547314519373,-0.43262274799272515,1.2272080546033497,-4.4087333731990475,True
5.049777182732382,0.2260087346614396,-0.6458747761536582,-7.1178130322588276,-0.35785843418560076,0.998809882877383,-4.665601567136552,True
6.665564664590391,0.3663575908192265,-0.4360948055805506,-8.371316422967471,-0.47537124546239623,1.0372743504199413,-4.75034869047092,True
5.155902552222642,0.4713063003719379,-0.3266967545996306,-8.309554494367998,-0.40266189157557136,1.3397578141634674,-5.795774490074012,True
6.477772985606411,0.9122842020595476,-0.03986984570813223,-9.296416118229274,-0.4106665159541438,1.1051836915815034,-6.592148151825918,True
7.760731380378003,1.811710052162264,0.25808869399099826,-8.747801158696053,-0.4368617202175319,1.2120743390536945,-5.6702573809043075,True
5.979112418675523,0.6184493196454515,-0.20869588390896998,-8.560716905443766,-0.4236878660152971,1.0813833345245982,-5.801759273266531,True
6.22890852020442,1.1622910518494423,0.06531489430604329,-7.241629199628316,-0.3446449897803402,1.287696257587448,-5.178972831302402,True
7.041065626547946,1.1260982387220184,0.05157627921323174,-9.105955974706978,-0.5104418542495035,1.1276851640507546,-5.570063185285103,True
5.282351076258856,1.3516689430363105,0.13087033523116906,-6.915295777794554,-0.42282393835962834,1.0472939377945993,-4.818851000657313,True
5.099202995192836,1.0925987597365494,0.03846070318947486,-7.13499905881585,-0.4038431832653934,0.9961401997353494,-5.114032941677872,True
5.092661832454569,0.6125105168154577,-0.21288645005614976,-6.991007774591969,-0.3772494659484377,1.0323847371277262,-4.850023096263218,True
7.2097199746810245,1.7047665317927725,0.23166491066180353,-9.468780694809396,-0.4262709649154779,1.1837821169733267,-6.6697271828033875,True
7.119912958402658,1.7932091185311556,0.25363093860201613,-8.631394860094092,-0.40037772673277017,0.9778300945022198,-6.028748259935539,True
6.247514942649611,0.6955342569681202,-0.15768147495182874,-8.129407933330926,-0.38781924941832924,1.2439515620245456,-5.510353260474096,True
7.476766901308296,1.717059639232597,0.23478537992492496,-8.345767484750194,-0.4114234551627079,1.138794367783347,-5.53702248106414,True
5.870060061138582,1.7800571108926713,0.25043393632442984,-7.832557492667191,-0.4566192769665529,1.2215641959093173,-5.45809604185441,True
6.496865660638164,0.39243339221461965,-0.40623404553893067,-8.637571547947282,-0.37478064326980204,1.2369146609745132,-5.7001952097017305,True
5.44649731292402,0.8871488440267947,-0.0520035090110756,-8.241941684661928,-0.51385849711094,1.202885108858594,-5.380658514326201,True
6.400748169625453,0.3641864299701094,-0.4386762405809033,-8.833960367665188,-0.41618294287031354,1.2360744207815417,-5.627841677872029,True
6.310887030593838,0.7062982714819617,-0.1510118565928996,-8.224804226134381,-0.41374202002735555,1.1959460823753847,-5.433123039647535,True
6.677504491598155,1.3106419125446402,0.1174840519886632,-7.612272461554811,-0.35736715576875566,1.1527287652168114,-5.361378919940847,True
7.637784111908068,1.356592407817345,0.13244938220249652,-8.740456459382145,-0.4403348975372661,1.234944256985807,-5.540841178945637,True
5.108935976630173,0.43380276563997183,-0.36270768353816957,-9.269363137781319,-0.36978429939260404,1.135401710479574,-6.96833990272814,True
5.84486447298876,1.0299535528285861,0.012817640040051212,-9.27037048616204,-0.4849880322474661,1.1685498832881778,-6.450659218426929,True
7.594818568111808,1.8581957921621892,0.2690914722925717,-8.722896690298413,-0.41598701709995684,1.1297085264070725,-5.867545699366566,True
7.09477063901601,1.93435554354731,0.28653630243008016,-8.672018095479471,-0.43067364802172087,1.0517362224750966,-5.917847950816844,True
6.099738721546493,0.28072304456104813,-0.551721934658378,-8.661721682867354,-0.35977328853935625,1.2883439938170265,-5.756390983011492,True
6.355050777322913,0.5316036281473785,-0.2744120636980621,-8.183630662434709,-0.440593997895044,1.0358705903155347,-5.099378047215383,True
6.67254491941307,0.30642255250017425,-0.5136792740722722,-9.824921216163018,-0.41268268498676397,1.1485818996048973,-6.481274746723246,True
6.801440405681867,0.4701812276344727,-0.32773471442314,-7.963954620374671,-0.3663565594188605,1.2840933315948941,-5.051360352933733,True
5.582148477437002,0.6737609961445736,-0.17149413382607254,-8.562075839612593,-0.3834933945902394,1.0989651023876592,-6.232892702554488,True
7.3710479248873195,1.782972227163888,0.2511445783501108,-9.12380036031476,-0.41298673715822987,1.1820228546209202,-6.376513959802572,True
5.564534476897474,0.9216595717592291,-0.03542946225183093,-7.495622155754014,-0.3527847412240807,1.044467782709072,-5.495534368408519,True
7.658626513483085,0.8408274220490095,-0.07529313302837976,-8.432391907391624,-0.36685244227384417,1.0329870521573241,-5.545029234922462,True
5.986208310828426,1.5165762498884072,0.18086425050114802,-7.646775048533015,-0.44190117329109657,1.0924386505664452,-5.199045670166206,True
6.187178133688255,1.1912690406969755,0.07600985526530546,-7.811356345590635,-0.4035876640484271,1.0549541088366452,-5.394474484688097,True
5.504023243317556,0.4228501886203329,-0.3738134713473966,-8.048957341362543,-0.4789873741018032,1.0554439563715898,-5.018060531906682,True
5.673129763883034,1.5865953541618973,0.2004661782592437,-8.19886801555758,-0.36514920523575634,0.9276289039751847,-6.313287412299092,True
6.819810273757652,1.2891251703534223,0.11029508814825582,-8.86378394429176,-0.45700161201640066,1.1833589368315123,-5.87763833378736,True
5.433180867402968,0.37763904345350324,-0.4229231110905036,-8.084116587868934,-0.4478232421794562,1.1750544310978912,-5.154054240780545,True
6.841054659158099,1.9401443732965917,0.28783404858646183,-7.446422927002278,-0.3520472211827621,1.1565060870008488,-5.370930473522622,True
6.850595054314085,1.2877074965141528,0.10981722398922986,-7.921554958020534,-0.3531171716873879,0.974745883699938,-5.6095360951083935,True
7.24231719265323,0.19035127862708928,-0.7204442015981075,-9.552704410518709,-0.415873401584547,1.112931366549064,-5.739012374448833,True
6.9248285750874,1.9125629359334828,0.2816157352133188,-7.7973560301715406,-0.3450137402006378,1.3405822650394574,-5.785724083415407,True
6.704301317207804,0.8982159922148327,-0.046619216843081235,-8.356673198277683,-0.37500504200748075,0.7833388741538414,-5.806007756351569,True
7.762698712248608,0.22994498805631658,-0.6383760519877765,-9.601344894600171,-0.3463269565976856,1.1148685663067464,-6.201207680758163,True
7.309370268897673,1.7455954990054154,0.24194361342321297,-7.590542929866153,-0.3942351464274116,1.194367648426222,-4.997901896231135,True
6.847715045771603,1.5871081025706808,0.20060650882856923,-9.214374340828268,-0.47955681186701365,1.1544129514140227,-6.162088696833908,True
6.027879310512049,0.8382714511922775,-0.07661532425138047,-7.718120111092426,-0.4219076510718501,0.9717538011194939,-5.100460477684402,True
6.188729022242045,1.0077430455677816,0.003349809770304715,-8.094436035961927,-0.44374694850684715,1.0911688089201643,-5.351861625143428,True
7.455961118564907,0.8957902693569277,-0.04779365944831257,-8.556410858767032,-0.3592877624805065,0.8847686893092259,-5.835288937908818,True
5.059416417092723,0.6886774491573378,-0.16198413781746324,-7.0456146636035015,-0.4256506780937324,1.2287518849655437,-4.693032320231696,True
7.506818428466582,1.5591022785935598,0.19287460625478312,-8.404428516125082,-0.48701399173671406,1.0072678616514126,-4.942779300243958,True
5.702418867805092,1.0595529803679855,0.025122677428313298,-7.292536763966287,-0.37817421954396047,1.104275080075089,-5.163771305750193,True
5.797916011630684,1.2206946934445078,0.08660705662932729,-8.639371510650427,-0.4653508582627686,1.0187103782678824,-6.0295338259221705,True
7.3955933652527746,0.787694931620571,-0.10364194896549361,-8.913341189673755,-0.4183967098105986,1.0139703696124658,-5.713959393255003,True
5.56049022291546,1.3467484600762716,0.1292864876293457,-7.973648208001096,-0.3831529130815076,1.2339820677095439,-6.00266738826156,True
7.359858455595619,1.9638193863975866,0.2931015429734172,-7.936954865137637,-0.3744795190917546,0.9909170919872001,-5.471277938722986,True
5.49962097125298,0.2513563131564045,-0.5997102024010623,-9.22540889844358,-0.4367679923999352,1.246559268016902,-6.075776176941498,True
5.55852977830232,1.1792438433353503,0.07160361753383944,-7.3250651463871765,-0.39562447549145496,1.1065637686880205,-5.205208687212628,True
7.151137620883322,1.1195015231059964,0.049024688782471675,-7.391407869379101,-0.3333312819781119,1.0838292432274412,-5.060844389950725,True
5.290711700400385,0.22788684150195693,-0.6422807508532941,-7.969603933592876,-0.34296807672520346,1.1469438954743847,-5.4183987308271355,True
6.085609829328094,1.5502894688919238,0.1904127968832161,-8.711291284441149,-0.4549399799819036,1.0179373890359418,-6.136532375807283,True
7.302960746615551,1.9300825882020174,0.2855758928590735,-8.09197604707618,-0.4506902690350989,1.0759370967258153,-5.107864400488925,True
7.267499708188396,0.511725055175083,-0.2909633185020069,-8.936524533752664,-0.4768271923832652,1.1929467851111326,-5.124079296858757,True
5.948629589943208,1.9233029162548292,0.2840476901134655,-7.626611010448951,-0.38733797603787473,0.8730642517097738,-5.570472748900139,True
6.564117107795344,1.9698164541107726,0.29442576084151845,-8.791013299952535,-0.40597599763318143,1.0534078472462889,-6.436289715436201,True
6.062204368350161,1.4731373827533065,0.16824325043357832,-7.14968563271047,-0.35858318487755914,1.266959068575233,-5.189038394792213,True
7.011787416347148,0.5514032209044566,-0.258530701384132,-7.893812507471556,-0.4012312315948994,1.1772800996526778,-4.776101356840185,True
5.804719837189508,0.3104478438255161,-0.5080113521424697,-9.124064405303399,-0.4703495724978945,0.9911828006168333,-5.890284796649548,True
7.083348907043931,1.3499081526049064,0.13030422021808177,-7.366246074921468,-0.40623537372075047,1.1541517722596417,-4.639130031171618,True
6.083489474857572,0.22636585396963255,-0.6451890834509922,-8.993722597271029,-0.4014293529396846,1.1633072662975283,-5.8010782048491905,True
5.440471468433255,0.2268264741602761,-0.6443062579329143,-8.58129506106945,-0.42068228113950623,1.1928223494399084,-5.524042208908175,True
6.804332388896848,1.922322869186997,0.28382633261976925,-8.001610392709432,-0.4187578905689504,1.2004530924192225,-5.49296271350841,True
7.487627154867326,0.8167498483091709,-0.08791093751184079,-8.738618740949764,-0.4183753485392282,1.2472332728377815,-5.496334673989227,True
6.322759629904448,1.6899350287032346,0.22787000803493393,-8.631316563419732,-0.47927122037656156,1.0835379801198561,-5.847905647683839,True
7.311767379324557,0.48337499323358285,-0.3157158209982526,-8.21891088789704,-0.31178785536667075,1.228848307516607,-5.551223765467536,True
5.216680099209961,1.4548108360490664,0.16280652720449781,-7.72533065685713,-0.44893719653394054,1.1149220620833082,-5.564885506934871,True
5.3937919855711485,0.89920857808426,-0.046139558762458635,-8.851757918994847,-0.43674863807616576,1.0768670601354713,-6.446340444230033,True
7.006001922946932,1.345175416668058,0.12877892190236215,-8.091902080536906,-0.3803046260694064,1.1009565797079648,-5.5692671403851355,True
7.3725389103809045,0.6412279727975819,-0.19298754033122867,-9.319451402478894,-0.40704302650539737,1.2631538309951371,-6.074737900464925,True
5.27785629326815,0.453477902918178,-0.34344387039993957,-7.416873575181651,-0.4193070743903108,1.095723326586719,-4.827511633628453,True
6.35414101255862,0.4545260272147451,-0.3424412430204399,-8.388804810661833,-0.3470236748239652,1.1189938428633526,-5.800577803651724,True
5.254201414349112,1.2629064888617825,0.10137119467662185,-7.342987567269275,-0.4233176462304148,1.108312954316099,-5.231142399981092,True
5.021732193116304,1.7797337662507597,0.2503550402325144,-7.658249907160961,-0.3849996220186312,1.1751038771913436,-6.019078089384014,True
5.6582920363863245,0.6172931327126648,-0.20950855446264055,-8.008911093333037,-0.46693228804818504,1.0634939904548335,-5.144060757718448,True
5.4872420113272735,0.2609535979348794,-0.5834367108702481,-8.704027465331858,-0.400091619363619,1.3248163650522564,-5.735681420646681,True
7.017861010834432,0.8988718942403051,-0.04630219879947037,-9.42160085110008,-0.42916102648542087,0.9653835080925147,-6.365109036848932,True
6.21918660260642,1.4977250863617537,0.17543210412913307,-8.28236646172773,-0.3600437585595336,0.9157658476509988,-6.203841871685231,True
6.952741878526855,0.484628190014929,-0.31459132727682293,-7.988742711611397,-0.35780493524013407,1.0902903829863362,-5.1580214553229,True
6.762584070175947,0.2884299883442709,-0.5399595875886428,-10.401232970884214,-0.41462567829595387,1.2181743507609153,-6.939527043706173,True
6.180850079902751,0.6542145267757935,-0.1842798166333512,-8.8101401134533,-0.46635027118326094,1.0111992581453269,-5.74135538867677,True
5.666829919317085,1.1020477983617065,0.042200431280333545,-7.724646657489834,-0.3519006277824673,1.0377547898472426,-5.7742793510404695,True
6.140018612447813,0.7744755144109328,-0.11099230821376975,-8.809322701441282,-0.33233937506588435,1.3681960178378056,-6.616893518778772,True
6.573797350134895,1.7439009761623783,0.24152182077589326,-8.009411253553996,-0.3959499031841591,1.1705090888015957,-5.689220315577896,True
6.913993787602613,1.4881627893318854,0.17265044104962704,-8.634892735291931,-0.4560921371031667,1.171555295614788,-5.683744071288157,True
5.532542887401519,1.68663021702997,0.22701987671669838,-7.5458162591991105,-0.3921374200073616,1.1723026683214,-5.64243517249038,True
5.407177544574962,0.8164036803721293,-0.08809504613908278,-7.687400180189795,-0.3972435892844737,1.049528864116297,-5.4469752707758055,True
5.656172158653152,0.55753451140963,-0.2537282446011058,-8.908849925982016,-0.48799288330084545,0.9584634982335677,-5.9054889049138595,True
7.186164916129435,1.7904765352921297,0.25296863383162876,-8.273055330392975,-0.43838720502085965,1.084477360846237,-5.397071334386634,True
6.9579245499484905,1.622140591249844,0.2100884918960867,-6.750369102716636,-0.3660890884016112,1.2131583716572834,-4.458019459791394,True
7.673508677436041,0.6708568574387954,-0.17337013654673408,-9.323672235812372,-0.39567868580595583,1.2466183197876715,-6.071302018480632,True
5.6006326692096495,1.5118077895003643,0.17949657868788813,-7.944264082083173,-0.4102834942660186,1.0336960780135762,-5.8319618498659445,True
6.402294928973181,1.8999375722186878,0.2787393312231671,-7.197507665936168,-0.3994007774539104,1.2357790141927325,-4.984886309770759,True
5.718020631805985,1.484326622110085,0.17152947680018882,-8.057919307278304,-0.4559754558508382,1.0414192573810235,-5.629276343474281,True
6.265217503631694,0.46419386533157464,-0.3333006033679305,-9.073709486413462,-0.40702389905299535,1.192407863130304,-6.126185969428221,True
7.00619574610665,0.8136258075261651,-0.08957528441121156,-8.34685153472922,-0.37148411212990395,1.224732132373115,-5.63445539949361,True
7.745634097912568,0.7330243428443162,-0.13488160272938038,-9.220815062386528,-0.474150441720661,0.9586628985293825,-5.418913245223833,True
5.375322561475189,1.0682117791278196,0.028657362607101618,-7.9214901075749395,-0.41387609164275685,1.1499640084766205,-5.729727550088486,True
6.203932347384668,1.6124175816593351,0.20747752501562206,-7.9078740626980455,-0.36306583615389065,1.2050192321014497,-5.905452585425295,True
7.609356928029985,1.0128646034303388,0.005551394113360497,-7.855449524978987,-0.3384353098191442,1.2512646694134493,-5.287120718836745,True
7.557613953914489,1.5993178223998739,0.2039347769412387,-8.56185115163689,-0.38273776475995486,1.1000679042590313,-5.893608982672296,True
7.336834387917392,0.9574771831349722,-0.01887156655687959,-8.481809811871095,-0.44715514785569804,1.1139032829793465,-5.180085446406452,True
5.140824643578167,1.0618074816630552,0.02604578112336471,-7.811661696485206,-0.4120945925426725,1.089589522007847,-5.721534869861061,True
7.3966435071677985,0.35676883179552177,-0.4476130936750499,-9.469152179372474,-0.49063297103683967,1.2345543369139098,-5.2875123136944016,True
5.520044547715443,0.1757317801885708,-0.7551496914788193,-8.2744933993782,-0.40724230667980876,1.0262150875404492,-5.251551718044181,True
5.934735985569863,0.9059512140095258,-0.04289518869948495,-8.249612425120281,-0.3577852581119528,1.2975630029968115,-6.070592168833855,True
5.040400522850781,0.7360740322142263,-0.13307850337282676,-8.135784867241503,-0.475584253814056,1.0101287921363755,-5.604223317786226,True
5.32531319000356,1.9389281996079766,0.28756172703053284,-8.079274811755816,-0.5122900948194119,1.1026979481835535,-5.668263339078516,True
6.245761470622512,1.3968363553877703,0.14514552986867182,-8.12436510787888,-0.3789428288325376,1.2196983501622727,-5.934612351302163,True
6.7735503275368725,1.7193007736324877,0.23535185859662025,-6.616653993190491,-0.3300793307277389,1.2171010236864641,-4.667292022450923,True
5.193262498505463,0.8281346394044431,-0.08189904920930904,-7.372769267314885,-0.3463365241152219,1.129149450858496,-5.481676518324045,True
7.677000627604768,0.8812976297832305,-0.05487739789495553,-8.683212247678238,-0.40888789905428957,1.3502752376852676,-5.470079998532302,True
6.694180715540743,0.9860802530107082,-0.006087738181122186,-7.209284159155127,-0.38117623534222644,1.302564054500579,-4.649691886376834,True
5.444455711789208,1.1184982916416686,0.04863532510572578,-7.209952113960941,-0.503676713225635,1.3474595497373703,-4.533240689012709,True
6.570316791508544,1.913271808126551,0.28177667226676845,-8.182439380617446,-0.40249054363072706,1.1846138137271984,-5.871745541730371,True
5.27632406949206,1.859872653525015,0.2694832088605271,-6.7329844422069165,-0.38642718214880534,1.1247704888397378,-4.997176160493338,True
5.235022883757093,0.5274351670404799,-0.2778309167449908,-8.170510603045491,-0.3443758109122126,1.0216601873347015,-6.083846565858593,True
5.779713835725454,1.0252783178948335,0.010841773214948698,-8.395923319971024,-0.40765447600512544,1.2921443139068016,-6.053806240421153,True
7.510370484635159,1.7885993324545326,0.25251306432784376,-8.270302158309644,-0.3652405544011628,1.1412862211175696,-5.81539995971291,True
6.505234209295558,1.4536572173671891,0.16246200889119192,-8.015018346341678,-0.40617673262022674,1.108207774141975,-5.5527852315366255,True
6.7401843125228735,0.26643912739444386,-0.5744019973556623,-8.356046172616782,-0.38989004947963024,1.1454734497413113,-5.070153140056122,True
6.110164754372139,1.847415403142255,0.2665645603065439,-7.737346584768329,-0.49912615958319434,1.1023905772457554,-4.9814617760075635,True
7.523131959138789,0.8968010150117549,-0.04730390887232193,-8.537107665936686,-0.3713450949028282,1.2044159242081096,-5.686455933480679,True
6.43076710311361,0.22941214605511084,-0.6393835924283452,-8.927485579071615,-0.43454528641701434,1.0690883333752983,-5.449468507151266,True
5.156554074632346,0.6332948787274255,-0.19839402397238493,-8.131618356218294,-0.44615836968602535,1.1451836010908152,-5.603781014274902,True
7.441809918171144,0.2948904662014932,-0.5303392679467204,-9.858698039727496,-0.4885419368988221,0.9827154778190237,-5.701889201164848,True
7.024497382744958,0.6163783276216432,-0.21015263984297333,-8.733789819969484,-0.3671703188996898,1.2387810780312127,-5.894269762101198,True
6.017870020401553,1.716531822143744,0.23465185905994893,-8.772048197834803,-0.40396289150679954,0.9862768162638297,-6.5724837121653445,True
5.468960972532805,1.5533821362796867,0.1912783065094086,-7.746347106931472,-0.36301469166159145,1.1848786415326,-5.987675505749722,True
7.286489130303924,0.19541848023054004,-0.7090343685464006,-10.51955159993624,-0.4436380446437376,1.3085420704900599,-6.359186509184038,True
5.147544037283708,0.45552283373890584,-0.3414898485081887,-7.2852539825545595,-0.3737503317511536,1.201496612172948,-4.9510587948420595,True
6.5433684592035934,1.2587567537444213,0.0999418137353115,-7.929451580772325,-0.34369160892388373,1.197068092398071,-5.80018790356578,True
7.1133895836812515,1.8152923546747899,0.2589465785717493,-8.2982605166466,-0.4188064764617981,1.1744797951993964,-5.62325441397353,True
6.062055288194073,0.5196926479634645,-0.28425342705145873,-9.367471065417337,-0.41243557843258916,1.1486940344107988,-6.540743570225843,True
5.284283031075126,0.6139020767336427,-0.21190089746766502,-8.041055930356514,-0.3765609385388325,0.951437924623217,-5.849590802557605,True
6.61955447896686,1.0835053827146661,0.03483107318003658,-8.912186711117023,-0.380144762821295,1.1791168813846598,-6.43686765011085,True
5.475954493261462,0.2459468339244491,-0.6091587637449883,-8.114419084772779,-0.4246703283118953,1.2128947635555276,-5.050098217578181,True
6.258853152187111,1.341050347848699,0.12744508313303093,-8.780164429059466,-0.5223400989764068,1.0254386982499462,-5.641601574213547,True
6.077450213047979,0.8231720424169586,-0.08450938803938889,-8.17811522737707,-0.35691798931015173,1.2473856485960177,-5.903548119391466,True
6.998497101456802,0.5332321857025231,-0.27308364460863277,-7.917859833483474,-0.36934756744860825,1.077157039776213,-5.0388279830263345,True
5.713242457928514,0.7385044769623617,-0.1316468675637366,-8.289511368809336,-0.3927801616916153,1.0581422602233947,-5.906161958405551,True
5.350611277689334,0.6777355039090358,-0.16893976277682757,-7.770930938953427,-0.3873215564297936,1.1128744366589325,-5.510515107698431,True
5.321774241593489,1.9031802263856934,0.2794799168307063,-8.222896681020906,-0.472389266619149,1.1614660988546668,-6.033554098631467,True
5.634286280700707,0.70647877510212,-0.1509008812244727,-8.430653835965412,-0.45421293160595605,1.0746114363876258,-5.709328334176336,True
6.0373237300099225,1.0875516986488474,0.036449911055870435,-8.893894716976947,-0.4709657578827383,1.3790689387620256,-6.1007889110471725,True
7.257907999318048,0.7800466455269022,-0.1078794264258884,-9.407177827816843,-0.45611780384667644,1.0863709914194717,-5.979519691206614,True
6.896653019572708,0.17131690543900208,-0.7661997790274142,-8.5798779548438,-0.32110924650502454,1.031564807229151,-5.574914172970773,True
7.125461897867427,1.654278730593778,0.21860868596637364,-8.653377976546512,-0.38506372849674314,1.0345466356632265,-6.135781931485472,True
6.313458910764275,1.03026950066552,0.012950843484205107,-7.727193172839906,-0.3245849640532294,1.2371170490054073,-5.6939610485112535,True
7.701700988232728,1.6262163229758635,0.2111783159357061,-7.890594544123786,-0.3138096408383592,1.1604626112770733,-5.718791063117881,True
6.737944964871356,1.6606698055428393,0.22028328935315336,-8.876661843367653,-0.39279319410229835,1.2180136805711332,-6.498350978963685,True
5.159802679848552,1.63422932259862,0.21331299867810846,-6.774220827222259,-0.3657788162347652,1.1479029431975578,-5.131736929987184,True
6.1936408960035525,1.210706169799961,0.08303875559710551,-8.577989143539394,-0.33668732792982525,1.1036043183296131,-6.584310669372752,True
6.392320728185653,0.8810284059469828,-0.05501008892376425,-8.512742024141204,-0.41720140155785496,1.1521347360565164,-5.782477822852195,True
7.114989380164819,1.2505256702685794,0.0970926111737319,-9.995463165416359,-0.45704098105707663,1.1257619341643195,-6.852924604643153,True
6.23119797559985,0.6834088357377688,-0.16531941054259655,-8.930489797382704,-0.3959830071068859,1.1092705428298277,-6.279657332853443,True
7.033196975192213,0.6065289162332199,-0.21714848933794365,-9.818981380750436,-0.4468268617474091,1.1618002626442352,-6.424076876328307,True
7.322897875253866,0.5433915276754007,-0.2648871371962044,-9.43447023812802,-0.3831009630159473,1.061605864030682,-6.347855271897038,True
7.2520644467085935,1.1306538066704062,0.05332964925076702,-8.262416735437021,-0.34941803031641233,1.1982892818684507,-5.792319007843419,True
6.075193541214089,1.0466792434032728,0.01981361180052027,-7.468449627519135,-0.3711020052283861,1.1860785269353562,-5.237433621721677,True
6.853201956695047,1.256363453986449,0.0991152948365732,-9.467786733019171,-0.49127674041145464,1.145378084449212,-6.214492500892158,True
6.5068598438173595,1.213541517203575,0.08405463883357672,-8.6931017350042,-0.39290279375016934,0.9945408135645076,-6.220134092716985,True
5.63294676216024,1.2953992509388546,0.11240364158832669,-8.292509027489887,-0.44428961653544063,1.2068041186983998,-5.925498448190653,True
5.20450603255454,1.0160582836732874,0.006918620892478957,-8.044451972806627,-0.42058593662868443,1.0064179254250232,-5.862472952500448,True
5.888520024740498,0.6016089256479764,-0.22068572904721867,-8.036140602853036,-0.3861528526439272,1.1238771968350598,-5.514248138905514,True
6.683192523417664,0.4261330314958467,-0.37045480036802214,-8.259729867983477,-0.4371118533485829,0.9916594062066844,-4.971062210427622,True
6.19076265467254,0.5766943967348079,-0.23905426825092946,-8.757660695206122,-0.45576652578064214,1.2064896339307816,-5.647701811561818,True
5.519909560432533,0.8362470446208081,-0.07766540406076379,-7.887154860207893,-0.35393281280043776,1.187354940427777,-5.841261341868112,True
6.362037594336767,1.7494834208652332,0.24290983120825899,-9.622340475664414,-0.47084626153317627,1.0028518458949673,-6.870401431250662,True
6.6892836858463625,0.35949629674654615,-0.44430557902469753,-8.97493815884558,-0.47735438185583223,1.1151396399426001,-5.286316516511998,True
6.56716701473026,1.207888728459725,0.08202692862144219,-7.552004994867132,-0.336230852696353,1.1392377277789172,-5.437369001484389,True
6.285313399973786,0.5032574475259278,-0.29820978942394444,-8.004304685344993,-0.4141298002947792,1.199254949145009,-5.043739536373592,True
5.0752269273829596,1.0090593936683694,0.0039167297485903,-7.907275784484212,-0.37718299377884,1.0414641921191845,-5.997065631690289,True
5.656804945239095,0.6525241427511561,-0.1854034152239586,-7.900730814812345,-0.3406255736383637,1.021346142352537,-5.784517322461969,True
5.790204911223244,1.158039924494469,0.06372353235234006,-7.708890408987193,-0.4170430517830251,1.1547872062542315,-5.367712802259401,True
5.5881909215549825,0.38407340422215525,-0.41558576521041257,-8.398949005205093,-0.42745311678120673,1.1251392248000514,-5.542667532911193,True
7.254375452585615,1.360876060349685,0.13381857431632546,-7.732971897552214,-0.4050010717058639,1.183771420148106,-4.95335266845896,True
5.690457626953572,1.2810308518029563,0.10755958923448666,-7.621274056231041,-0.4716622626021743,1.0339247414107944,-5.048508457145838,True
5.907927963711524,0.5304565374515124,-0.27535019388937587,-8.049849590727087,-0.43617662144000835,0.9857972280371223,-5.201510073928815,True
6.623145843764282,0.7601694496056792,-0.11908958821131622,-8.482037860402118,-0.40698167639031835,1.1215368328826638,-5.65297550233754,True
5.6407328929815375,0.9722359801861615,-0.012228310738165188,-7.15229543103637,-0.3594426847899878,1.1362821513550916,-5.11088044456689,True
5.106376169905258,1.3161589879231603,0.11930835387306074,-6.97923611063588,-0.3668971073869628,1.0068862577083244,-5.2258514066125095,True
6.941601563189891,0.7058513768270087,-0.15128673381904864,-8.756876290120317,-0.4510498943791321,1.197714222793947,-5.444669365406383,True
7.268875405197007,1.3679708799988564,0.13607685265426303,-8.34997948916138,-0.472219433662065,1.2054125082498244,-5.081504002231852,True
6.678145385685821,0.5044774517292965,-0.29715824034557603,-8.487682551839082,-0.46496656062551056,0.9199960372045805,-5.109183856959007,True
7.307534462670043,0.956357446039148,-0.01937975643909228,-8.443807068592907,-0.38749677105391483,1.1570341539743798,-5.589738019847326,True
5.377180963396842,1.7579354898145891,0.24500293391659422,-6.9685074744321955,-0.4318903735480415,1.0530057206798669,-4.904144270512841,True
6.3523515530596075,1.2248577332641228,0.08808564849940786,-8.369616599820514,-0.4343733357446764,1.1703445628718594,-5.71341502568346,True
7.735191281552252,1.7625644260792441,0.24614500048858987,-8.105756708855708,-0.38433097173136344,1.3076441168537847,-5.454753188870637,True
6.639798733984428,1.7904103217457426,0.2529525729065147,-8.199321147284163,-0.4102687510565697,1.1205688442105517,-5.758669985687318,True
7.378625284371788,1.3021373766040574,0.11465680508761347,-10.498463840714834,-0.467118316306881,1.0382566798236894,-7.170816014989161,True
5.466298000704392,1.9061880258619994,0.28016573710335607,-7.583784913369574,-0.4878126480571233,1.0721633949000893,-5.217639058404026,True
5.727017905368795,0.6376221042554293,-0.19543663579362275,-8.505218025365842,-0.48403020040854156,1.1674720899098305,-5.505001583251951,True
6.356561417778482,1.4284339289219927,0.1548601572366492,-9.344848469076553,-0.48779192090234336,1.19187612539574,-6.428743288950057,True
5.251652396485132,1.2089669932482656,0.08241444408176316,-7.291289065763264,-0.39593056873574334,1.075155679334021,-5.3006077032341405,True
5.948357416629891,1.6210813628672955,0.20980481284822614,-8.318678709473852,-0.4027933590109391,1.0302821125524428,-6.138877990836807,True
5.0608023632308266,0.43238044659254327,-0.36413395423993933,-8.77878328515272,-0.4448770634072464,1.212864348688198,-6.085703300069654,True
6.781931694548277,1.731450704108298,0.2384101313238226,-7.406663538168878,-0.3162861744506362,1.1161491495593772,-5.527733572438107,True
7.453425960566461,0.9425423786639788,-0.025699113900789414,-8.618257812840515,-0.4113807642555732,1.130669694671878,-5.52300453559281,True
5.407200544299638,1.4036821309223528,0.1472687713151237,-7.179499977801453,-0.4016527762068909,1.1722608868868052,-5.180320288148689,True
6.220494871866926,0.8299556784768471,-0.0809450993189683,-7.638696597461507,-0.374703161358161,1.2820185484363653,-5.204084385028801,True
6.823914620253082,0.6231889879365675,-0.205380229470019,-9.037617069194795,-0.4450256518871664,1.0858438830635329,-5.7777891510220964,True
6.41224871964239,1.8794722174399525,0.27403591030963415,-7.633281653546513,-0.34582224080170343,1.2307520011747697,-5.75305367774926,True
7.601170029878494,1.3852262160442164,0.14152070217831988,-8.79866565547389,-0.409545655252718,1.1490384138486591,-5.848252218057705,True
5.945495306054309,1.7808305246284475,0.25062259115285346,-8.327886998707768,-0.4442389187727621,1.0345726106159385,-5.945953860786009,True
5.093615974866053,1.9859600344625998,0.29797050448816265,-7.744843474775115,-0.35218117058230375,1.1493744149007965,-6.2934475125038425,True
7.719487977572838,0.17531371171413396,-0.7561841153442813,-9.861115273475878,-0.44088513462162704,1.2585767933694048,-5.505991998186761,True
7.238277808463751,1.4549514448798744,0.16284850014488167,-9.105286273936,-0.44170423393357006,1.2198586215378988,-6.106760466456409,True
6.981760934467837,1.4637485593340043,0.1654664806347491,-7.5841241906564605,-0.3820589255915631,1.1743516144401336,-5.110995937965676,True
6.883201374708605,1.1001557633320502,0.04145417821870077,-8.861772599305478,-0.4189952833717974,1.3038578604567483,-6.031794044923529,True
5.014208496501194,0.2900719205898969,-0.5374943095395569,-8.187837558865205,-0.3984058502239311,1.1635585175734164,-5.564741477604594,True
5.419360665401514,1.3357372930276634,0.1257210513975476,-8.160400209225662,-0.4391710310314779,1.1662588751969647,-5.926997290261326,True
7.721030735524741,1.9745939218500885,0.29547779584471956,-7.922831689076109,-0.3946441584968386,1.2059857214094092,-5.232114014508977,True
7.171716580529549,1.0482492322772943,0.020464553004671572,-8.453225870359725,-0.3844084132626438,1.1131401806047987,-5.719137595496585,True
6.214397304950802,0.2274242940891875,-0.6431631446380608,-8.652778286387804,-0.3835116367191436,1.145522723904346,-5.532726607382411,True
7.478006089352521,1.363627277806099,0.1346956802087878,-8.008238843139246,-0.3829322993280226,1.166592575289742,-5.301803757409704,True
5.226615507147617,1.0995709413610857,0.04122325411314904,-8.074368932763022,-0.3998828201616678,1.0595673995281845,-6.0280140000248865,True
6.051056397989573,0.8296898188338631,-0.08108423912573243,-7.442245580391463,-0.40569796534233077,1.2078534029492756,-4.889406437401831,True
5.535955955432903,1.024091228654169,0.010338646421369488,-8.648916352332058,-0.4910346718315591,1.0795700066442182,-5.941731329067907,True
6.513168906391456,1.4488521538776769,0.16102407074996597,-8.28597401073279,-0.4632610484525418,1.1311367089537687,-5.450816791859845,True
6.754746470411961,1.7907155029879571,0.2530265935001948,-7.561067877132501,-0.39692214450706154,1.2659117064364602,-5.2002687492467174,True
6.077114111852167,1.115815946510121,0.04759256377076881,-8.080429172231137,-0.33247363868249136,1.2575269212345257,-6.119797860967242,True
7.53899564646995,1.0206648142572605,0.008883143440182642,-7.553862171594185,-0.28446138336514987,1.069322268796254,-5.418807983912998,True
6.232819378287361,0.27330436355368176,-0.5633534343440859,-9.266074324731322,-0.42571498018536574,0.9726622755454348,-6.064717113219301,True
5.07150444301849,0.16647994744153463,-0.7786380699051217,-8.402604146846336,-0.3975822453210641,1.0809199556096687,-5.54461859527745,True
5.806104411495805,1.5298009619232285,0.18463492966629638,-7.250210103574552,-0.33021749731700284,1.0077700804007295,-5.519002393563784,True
5.340911886968953,0.22349285079033174,-0.6507363647556168,-8.132334039413355,-0.38310987186328616,1.104367378430826,-5.367525957568811,True
6.633561739292574,1.2958776833003256,0.11256401081337275,-8.45543816582418,-0.3710532355641203,1.1349907945412872,-6.1217927352151404,True
6.756556673925376,0.41549801004014264,-0.38143105185737874,-8.384749497865114,-0.4039868946905708,1.1024463711786452,-5.234681869390129,True
5.5711160049096025,1.9412861096796101,0.2880895470823948,-7.934475818021382,-0.3577888195962196,1.1049019579927726,-6.259503503439758,True
5.87440002261172,1.4385688757028727,0.15793065984581858,-7.615471448948581,-0.45684665903116045,1.0646314632402025,-5.099909374287988,True
5.633699016639062,0.27359794126170583,-0.5628871748687515,-8.139418804070216,-0.47678710552208775,1.1713421189970878,-4.794010300377197,True
6.591434393401242,0.980135319431682,-0.008713960608076304,-7.121007304567972,-0.3645117121926438,1.177757731043251,-4.708089333549637,True
5.731305077185684,1.9566720550484482,0.29151804251155605,-8.046972821235137,-0.3949246522755621,1.1501317838218068,-6.118823322792474,True
7.181168244403249,0.43473217997632657,-0.36177821104247443,-8.210741811855115,-0.3842287820363273,1.2137503575342523,-5.012421850709198,True
7.5206864326662295,0.27425236506699185,-0.5618496185167333,-9.502900799250007,-0.422191499065732,1.2876654144741642,-5.604256598339839,True
7.294669576533492,1.882510244306272,0.27473734823718937,-8.61477806717908,-0.3837137757189955,1.3113615033710926,-6.175992843361435,True
6.380739699111689,1.109498973787277,0.04512690487471572,-8.105647171896337,-0.394078599837014,1.0394927050565668,-5.638043293765001,True
7.351894429072658,0.8072118645343775,-0.09301246339163313,-8.741031137200848,-0.43629606895776296,1.2311148056878152,-5.418919477609034,True
6.9627552494956735,1.1956372072708648,0.07759942147346124,-8.940935268538768,-0.39710687653485066,1.1516561787162933,-6.265345132539627,True
6.613508480050051,1.9150488428661812,0.28217985502357346,-7.395091699065114,-0.3521691187044004,1.1897530659445987,-5.401742593763909,True
6.976818086167194,1.6659538037202835,0.22166295441318798,-8.283051864813714,-0.369392885620635,1.0505642300722167,-5.938736070552801,True
7.63208941334951,1.0812547798554673,0.0339280403436363,-9.419599679414016,-0.40604034625142493,1.0753364872372175,-6.357147511117716,True
7.502343409826494,1.8669520910854682,0.2711331734155071,-8.79266529407334,-0.38320869603507296,1.189653283590526,-6.240256528830484,True
5.9001304682075215,0.508320030819824,-0.2938627761853274,-8.109919361100946,-0.3962223304100237,1.2119042848710662,-5.416022359641472,True
6.13948504262609,0.39739148460642437,-0.4007814432857498,-7.5178684898134165,-0.3442070618142171,1.2004294530523325,-4.92350453348172,True
6.710336931260452,1.919371133313219,0.28315895887608,-7.780695920535255,-0.382035991059074,1.1031430778043574,-5.529470546063299,True
6.606135338265103,0.6112529103349131,-0.21377906007382963,-7.852081382159927,-0.40941209927988276,1.0402277976802978,-4.925070724343028,True
6.52436171293823,1.7333893470030417,0.2388961231658748,-7.768149059703143,-0.4524462735427331,1.2827507811313128,-5.122670104039626,True
7.026509412032205,0.31653082415999295,-0.4995839914578002,-8.722347631256975,-0.402763989317452,1.0736457884670416,-5.355946421076038,True
5.880384375335691,1.4684994334637302,0.16687378331123773,-8.194300421812144,-0.38870638587631307,0.9969329165674852,-6.07491943120699,True
7.723155467352347,1.3095605542457243,0.11712558505735207,-8.382552191340686,-0.389623289571559,1.0604590761947688,-5.497637842006984,True
6.9477520963819615,1.8166505971627005,0.25927140594536574,-7.215067422327808,-0.34773564846206423,1.0666123326812778,-5.075628420831702,True
7.773639047831136,1.3857603316310467,0.14168812518881865,-9.764931078931436,-0.49931286032189737,1.144003395676237,-6.045544827191889,True
6.589520014457951,0.2302498525008928,-0.6378006393420531,-9.76209887965968,-0.3887196703996935,1.093480227950744,-6.503200443052524,True
6.817876470816523,1.0288396399342796,0.01234768873826518,-8.98006141523264,-0.4781880805809164,1.153488421653211,-5.734077068008862,True
7.573423697645799,0.6339875030009823,-0.1979193027353098,-8.131106324766094,-0.36226968210871363,1.1499067854952578,-5.1598957801495295,True
5.349127383987175,0.9176428034628186,-0.037326336961461315,-7.69278613217053,-0.37738291521985656,1.2681481299864414,-5.626781521702164,True
5.903394346152986,1.5180364989561783,0.1812822136574203,-7.856308218801294,-0.43114084132704006,1.168106285834005,-5.52287070699874,True
6.364150661191957,1.421208923255971,0.15265792560357158,-8.84519903245489,-0.5028962783962051,1.2168529966386898,-5.830453604020059,True
6.9224266007449895,1.5078272122509113,0.1783515769015197,-8.024095987914116,-0.3803646312146226,1.1471370712501106,-5.595643452391101,True
6.535328095491514,0.6458712383300422,-0.18985405484788867,-8.690948814308307,-0.4074979656925208,1.140548434146916,-5.811278165289137,True
6.839730256705114,1.2525657284403309,0.09780052475881511,-8.546263240062277,-0.40830537920228444,1.1853988178702675,-5.869497210393148,True
7.080195737059366,1.8175738856204804,0.2594920742573785,-7.454587515096993,-0.39277222998740147,1.1117399467104176,-4.962170951511565,True
6.921496557365327,1.3575223370336003,0.13274698431659288,-7.895719674505182,-0.37405163113545514,1.0499499755959398,-5.446100290267886,True
7.1469678092442654,1.424489953827334,0.15365939073749071,-8.139933044262145,-0.3442379536031557,1.0027843590710679,-5.833762704796216,True
7.461531959867588,1.3870264479524759,0.1420847423208027,-8.275893250692523,-0.32245378101378797,1.1732980952928656,-6.036601815613175,True
5.530136061733271,1.928445960382972,0.2852074734139838,-7.875382525105417,-0.47930240087084264,1.1448494286555428,-5.551294646560525,True
6.2220245054572025,1.9906921341105626,0.2990041004114915,-7.988531813107134,-0.4529249391426475,1.1828486942636023,-5.524098352380064,True
6.866225116729622,0.2953385886187907,-0.5296798048828304,-10.253723337076625,-0.4378694377536538,1.3392403298459359,-6.537844649120197,True
6.16624835301217,1.3191111484611506,0.12028139079248029,-7.759390103199042,-0.4133868180777397,1.0049799717522216,-5.331224705791183,True
6.2064077884678435,1.513581114368827,0.18000570020427206,-6.9378287804240255,-0.3016527162973006,1.1865893158640495,-5.279241853240994,True
7.222748011402334,0.8781433514002022,-0.05643458245347094,-8.996412610090005,-0.36869530324608757,0.9498333381459687,-6.2798158939172914,True
7.091171798990064,0.3005811720562737,-0.5220382264375801,-8.723607334096954,-0.44104785562576543,1.2056483412440675,-4.966666696508023,True
5.749678254779818,1.4179883425892619,0.1516726604874092,-7.67163470661192,-0.3912197847157617,1.1748385375085257,-5.600437704219119,True
6.344088559076788,1.8419021631129069,0.26526655791910975,-7.34225226131591,-0.38863236105353643,1.1043292207522908,-5.169675757067623,True
7.284655950927858,1.7028076916436536,0.2311656032333412,-9.846343937172701,-0.44854137304049363,1.09097140031615,-6.831069416680323,True
7.300794894237011,0.906993696275959,-0.0423957313324957,-7.665201000756242,-0.3310832795483337,1.2635821678645118,-5.194459393757206,True
5.301712515617971,0.9419066285972595,-0.025992146776984984,-7.955092411352005,-0.3815074550355991,1.2343077234606112,-5.900367254672055,True
6.614676407381091,1.830615250448046,0.2625970760517497,-8.071005016100274,-0.40867711680170454,1.2037676221146958,-5.6838439911686,True
6.057650967810627,0.2764069175197231,-0.5584510922564102,-9.179221273136282,-0.5107256327091902,1.2672462267730171,-5.377728610370555,True
7.21685240353278,1.2003207698658795,0.07929732102001229,-7.918752824348241,-0.37784837818064604,1.103470863943806,-5.279379131438665,True
5.981982749232616,0.5450865362503579,-0.263534545002919,-9.187445422737703,-0.4008213245052336,1.3376878743919038,-6.437212208689035,True
6.364693559814574,1.2208864202746854,0.086675263173097,-7.890617047323836,-0.39277043777924653,1.2163528550895415,-5.496181275330948,True
5.928159777703868,1.0342697679310822,0.014633830289177885,-7.522351467470074,-0.3633621115491185,1.1434867960402044,-5.385016404754212,True
7.145317241031165,1.933770968380152,0.2864050359006612,-7.983783501954777,-0.4104532892015426,1.1745726350887105,-5.38736805570556,True
6.1328151090734515,0.22388786100130603,-0.6499694528393033,-8.590576059015811,-0.4109786727399439,1.0796396471602365,-5.368387054600973,True
6.296945931561284,0.6315324040122086,-0.1996043608289248,-8.370175231678335,-0.3982800043908418,1.1151677472267787,-5.639635233004979,True
7.520818215740414,1.8321671683903427,0.26296509651377414,-9.570223604667017,-0.3904774167439532,1.2386064224988378,-6.95922419341882,True
7.406652572100411,1.865430433099084,0.27077905767353144,-8.822503341994418,-0.398177298784757,1.2524211271623003,-6.212471840421733,True
5.650637285869291,1.2893709297580072,0.11037787435344389,-7.793731801984648,-0.32237467179649143,1.14369065689709,-6.098347605137713,True
7.33897365820394,1.9899274136770737,0.29883723499541165,-7.494495954476726,-0.47430050391285183,1.1602318826269191,-4.360337537945201,True
5.308066881509056,1.0508587227469657,0.021544333482508157,-8.468657402750217,-0.3959861888640219,1.2975069090660676,-6.394690149650891,True
6.6423424045746495,0.6908504011480474,-0.16061598589612075,-9.049100076724732,-0.4402256596107518,1.239902590738623,-5.925822333283752,True
7.111762556206202,1.8279324720935284,0.26196014788640626,-9.008994853843316,-0.4662348704028585,1.039373530986077,-5.9655176040009446,True
5.741675567980055,0.90017802526006,-0.04567159306914863,-8.345775251513462,-0.4052257837628366,1.2191828462090868,-5.963418246537867,True
7.299964979161379,0.3415101906343262,-0.46659633247960086,-9.867118276966997,-0.46665909436084696,1.121628945827687,-5.937175278399489,True
5.495736426847369,0.4838352434788864,-0.31530249998627413,-8.120357613165817,-0.4147105610666191,1.3241709694668629,-5.423703259031538,True
5.21544586930267,1.7312211892610911,0.23835255900113522,-7.19957532637053,-0.4201090837595495,1.2302164489089187,-5.301744379542988,True
5.343172202323842,0.8275065854203845,-0.08222854135846268,-7.916627127151722,-0.4013124968343402,1.1524491549531934,-5.677581136619707,True
6.167787026770734,0.19545914417374882,-0.7089440071385884,-8.317960735679547,-0.328708421534909,1.1423408638932897,-5.480701488179584,True
6.518224023255604,1.7977613267740715,0.2547320337012434,-8.070656497535719,-0.43370445694031773,1.31435626856647,-5.578482332614228,True
6.103570558056608,1.9569148935270873,0.29157193854748825,-8.281216780905648,-0.4220680878628585,1.2778233257703062,-6.077671850546703,True
6.365245069209818,1.7808047053379379,0.25061629450837913,-7.6194363562097305,-0.3596076915042756,1.07860986279576,-5.6007624780462795,True
6.6573740964744985,0.639738560711017,-0.1939974710750075,-8.422565761825073,-0.3534448392342267,1.043661974109037,-5.8670834609402345,True
7.568199638810858,0.4046295784937012,-0.39294237340141847,-9.39835457629214,-0.3270873330181127,1.2249645401754354,-6.44155186693574,True
5.445180132999969,1.8386276541409559,0.26449378789778827,-7.931056788177003,-0.4964526014208974,1.051029257551647,-5.505773655465014,True
7.082353909201906,1.8496632443799133,0.26709266655424707,-8.826186791518047,-0.4624076312704154,1.058888077528057,-5.834073536754696,True
5.67035368893548,1.296411929007872,0.11274301856385797,-7.240623643658272,-0.43335656201646067,0.9541117276466468,-4.890908099825897,True
6.383321983526068,1.3992763515453492,0.1459034944052622,-8.271561239730156,-0.4679791554021075,1.0629693665550732,-5.439390554246055,True
6.607792805871009,1.9725128070042195,0.2950198316498766,-8.246990436333826,-0.43182670506342324,1.258122495373127,-5.764740128012659,True
7.684611791195065,0.9871489919045491,-0.005617293653936495,-8.497154698930611,-0.4078357452495934,1.079322832652398,-5.357032448816351,True
6.767360301616537,1.7450590573510818,0.24181012920218056,-8.546057889155168,-0.48522504632979224,1.1699833874110155,-5.54527900734715,True
6.724612479997368,1.8959296351648507,0.2778222150554772,-7.886994099707374,-0.4202755608802812,1.2462670812024899,-5.407044499024343,True
5.178824574959294,1.711807116982367,0.23345482766038614,-7.214977084602262,-0.412436146415606,0.9647231345259839,-5.3042619070543635,True
5.2146522804611815,0.9192410624384426,-0.03657058398021569,-7.220606220646472,-0.38986564913581556,1.080372480441557,-5.148082571781011,True
5.802384998625874,0.49589408984243477,-0.3046110676800802,-8.145925476358169,-0.34577586514683506,1.0011391792605848,-5.834642709252365,True
5.152386336336685,0.9572159202652077,-0.018990086880755645,-8.040834699838175,-0.4690430148236225,1.0134930219467695,-5.604897558566969,True
5.709611283752339,1.0948632113703705,0.03935986323283984,-6.9847293042657,-0.42329667840713364,1.0412090347083147,-4.608851658060362,True
6.962497250926575,1.8266259859122138,0.2616496317078203,-8.40279611209689,-0.3682123146759171,1.3123191988504406,-6.182486718470826,True
5.60729590762973,1.1039017109103797,0.04293040644612294,-9.017369669313272,-0.5045004475322226,1.201206462997681,-6.240054656150672,True
5.63729463892602,0.7905004149021306,-0.10209789778786503,-7.7401286187555325,-0.4241607160572691,1.1014858960848082,-5.236550293649626,True
6.0992012375115205,1.5494969880539236,0.19019073638502618,-8.126768929222681,-0.41226545116122826,1.132979968603298,-5.827761273855017,True
6.606238940033842,0.7696987726573619,-0.1136792059552145,-9.00866975330458,-0.44050645276610323,1.2225315762128006,-5.959602452865923,True
6.764915683302277,1.8705726494386694,0.2719745800229299,-8.056776275233014,-0.43939175999386737,1.2271052700579612,-5.418069507404649,True
6.987334625985785,0.9613064312640134,-0.017138152192106945,-6.866363262236758,-0.3973792809659978,1.026139391287721,-4.072155119635504,True
6.9217105360591376,1.9461449165681328,0.2891751761803221,-7.5935816505361515,-0.34565334110313667,1.129113816652118,-5.52758096445654,True
6.3695439646433005,0.732228349170116,-0.13535346085491182,-8.826211333154362,-0.4353181365731349,1.2587087522106004,-5.88306273782511,True
5.566805174861379,0.426172190779754,-0.3704148929252805,-7.996615925518374,-0.35795317316574726,1.1531796958284206,-5.576805415227349,True
6.384717461009997,1.1721618042707658,0.06898756548041933,-8.418302963460668,-0.43750677294036205,1.2081015822316705,-5.7082898179694075,True
5.486824660001638,1.9144205401109802,0.2820373452423438,-7.954542755580276,-0.4560463286622435,1.1307314985761732,-5.771205023413387,True
5.5632279855530875,1.3900385052260615,0.14302683074012798,-7.140965140357222,-0.4071917830338974,1.171901059520563,-5.043277711980007,True
6.292899716879396,1.3590210083548926,0.1332261703028279,-7.43666647263607,-0.3850639366660112,0.9831664790789109,-5.144481239387861,True
5.677089978429061,1.6682022523600553,0.2222487032315984,-7.236981898732811,-0.4142416921534707,1.102824853116596,-5.130395933057588,True
5.493627886389671,1.6488851995212477,0.21719041977428935,-8.300306137077348,-0.39111726307740646,1.1029027032790313,-6.391193334882274,True
7.200981854905474,1.5765979504025893,0.19772095763887582,-9.242426401296393,-0.36778474068655004,0.9928698355257682,-6.79032633179234,True
5.101161554403316,1.2394046373036645,0.09321311675445774,-7.39644847288622,-0.4505526545896454,1.2756138801681802,-5.217010538604888,True
6.083699494195004,0.5381216111295719,-0.26911956620317334,-8.519068710566435,-0.416047291169176,1.1265610831974084,-5.684782385707853,True
7.594046490945459,0.6500328235072581,-0.18706471303688763,-8.618756583782194,-0.4421446487537189,1.326684716066021,-5.012913669722388,True
5.257506413397978,1.61187905312264,0.20733245153107602,-7.925928535775677,-0.4078639692271342,1.0275091559089746,-5.994617094035298,True
5.553717467629894,1.9135790110943098,0.28184639881755974,-7.177402865953442,-0.4004088624765628,1.0601454453040453,-5.252443348205323,True
6.089923137105175,0.8014298965660205,-0.09613446066614485,-8.097491107467892,-0.3718978573094353,1.0096785718271752,-5.735596836650554,True
7.347608901142335,0.37797876688138643,-0.4225325961555032,-9.088299817351064,-0.44499176920132816,1.059622701366987,-5.3709492020784095,True
5.664887610433644,1.154930828958081,0.06255597427024986,-8.044693883551629,-0.4172006441876182,0.9968548163294804,-5.7436583474697365,True
6.904385873603505,0.8592321522227908,-0.06588948016444512,-8.002364285240498,-0.41426609550733673,1.0845469666203733,-5.07065107166222,True
6.361240265454445,0.5000018421137332,-0.3010283956272699,-8.448769742097776,-0.377571343950749,1.2401126581564996,-5.673638581994601,True
7.535828659717531,0.729029834607319,-0.13725469837585202,-9.845527963421318,-0.5065157334717273,1.2775070903417745,-5.853168332169357,True
7.318402896810228,0.31032645827483407,-0.5081811951122496,-9.03145867034636,-0.4072488500517836,1.0987761029265468,-5.49267015325876,True
7.619998467286683,1.206961364781503,0.08169336841487275,-8.531708033123792,-0.3737862747822086,1.299668693149232,-5.7896315055572805,True
7.33192427479651,0.7696993215042192,-0.11367889627422628,-7.690007166020672,-0.2487360676506993,1.0103664634046194,-5.751435809202753,True
6.146070204832434,1.8894262246538276,0.2763299389356143,-7.204907236483503,-0.3821691606160294,1.097028080310262,-5.159210447658293,True
5.03058077183335,0.9913519082762572,-0.0037721530895735785,-8.035474514078148,-0.3984307385395188,1.1543954833402046,-6.026781945384813,True
5.789809086926525,1.7161063120709281,0.23454418870826066,-7.296428719939929,-0.3050930224907529,1.1116210380171245,-5.79072262047785,True
6.708101642203173,1.3546327840014336,0.1318215819293025,-7.305523082627616,-0.40450373475078877,1.2793162599066292,-4.760712408437304,True
5.933481417148177,1.095759026400959,0.03971505687560368,-8.103850389273425,-0.4273890193948482,1.2466643312852739,-5.617456929622693,True
5.320468174024239,0.9176086102645866,-0.03734251994020897,-7.317840566993603,-0.452462597809449,1.1657387635317966,-4.866996092389839,True
6.5646002204633636,0.7274500696354234,-0.1381968102128214,-7.997894001940336,-0.3838997994791525,1.2179219866456916,-5.309432360001154,True
6.906528304382776,1.6831514984723162,0.2261232080669659,-8.347958413676569,-0.46366252067807356,0.9750212893711179,-5.366135032818177,True
6.850399514142037,0.8941039585278547,-0.0486119823336675,-7.917686052608069,-0.34903021664837547,1.0138172088420563,-5.47740596181335,True
6.863164747422591,1.2636413453429556,0.10162382723670495,-9.070149539444898,-0.3900855556477454,1.062918116944901,-6.500945912527712,True
6.165810958997829,1.5151766600819783,0.1804632717993279,-7.656146440332792,-0.4115109577415447,1.1037387841379396,-5.318031979539628,True
6.406414825138851,1.562483594811398,0.19381546619512924,-9.490059867712182,-0.510342175680693,0.971876046197172,-6.408960796515358,True
6.12291002146929,0.5106235370426436,-0.29189917039321267,-8.235147163858496,-0.44763073082053156,1.2041149124455208,-5.142864332198897,True
6.233054722926874,0.8848578160428648,-0.05312650858904392,-7.694338576532989,-0.397332442378173,1.0607512204185146,-5.161389711173244,True
6.685307010072126,1.3814280552130174,0.14032827178050705,-9.015304550980884,-0.40206162756661007,1.2690077384040364,-6.505476796535145,True
6.153798827370406,0.19443029979807347,-0.7112360541746195,-8.095419491358227,-0.43457156886793635,1.2104775965448002,-4.560218171016902,True
5.418929381531019,1.8935272741706954,0.27727156503462375,-7.932263417746752,-0.44834215936307137,1.0941224114563541,-5.806097950759102,True
7.207644324502636,0.9533615737081473,-0.020742356775274088,-9.050535554235935,-0.4520921044997491,1.078102868555296,-5.7696540687458455,True
7.47316658156013,1.6285331779403789,0.21179661082821766,-7.2879821156742555,-0.451221753160578,1.0548273486241921,-4.139335646529169,True
7.779101031954135,0.9752083494367054,-0.01090258907674865,-10.127955883430165,-0.37365366645833953,1.117173904420309,-7.209086173083489,True
7.419218912135985,0.5531294815967385,-0.25717319317871173,-10.987479651320513,-0.6099886965327294,0.9953911112298338,-6.205852067279025,True
6.167505643609857,0.7706482859326182,-0.11314378320633568,-7.9206251992967225,-0.357979276637722,1.0669985092457501,-5.592061742326613,True
6.2580824378020035,0.9595457529898204,-0.017934312437341726,-8.36480963931668,-0.3720467106794088,1.287057886869029,-6.013428154903815,True
6.714403084963644,0.7753688458983605,-0.11049165280810196,-7.586300742310902,-0.3797289582099622,1.287253841314401,-4.894416649345494,True
6.50607519974653,1.4334207885563994,0.1563736986474483,-7.125093860517089,-0.32840746737869564,0.975810017935528,-5.141041203274802,True
6.757164423429781,1.2210396674696045,0.08672977294023687,-8.43717965881791,-0.4358779521594241,0.9957541911222083,-5.578242202429141,True
7.178561926845172,1.6282366100104948,0.2117175153905907,-8.990784813376308,-0.403113133690284,1.307299465074174,-6.373790414272941,True
5.9695719307780575,0.9558642702472457,-0.019603771811322487,-8.234146982102999,-0.41815813866726287,1.025794114428784,-5.717812461143848,True
6.567922849774304,1.4355470030969828,0.15701741686140752,-7.956181478664283,-0.37426909566104727,0.9436049125572356,-5.646173339215197,True
5.378139583506899,1.0332246334547799,0.01419475178501046,-8.617114864171677,-0.4991935056804624,1.1399385832522777,-5.948563656681429,True
5.392150346615594,1.3567075925786611,0.13248625546108325,-8.780758798186952,-0.37500821014738683,1.0553414882387564,-6.898476389866506,True
5.188416867838889,1.167108300738797,0.06711115787135181,-7.03096554775415,-0.424438478832935,1.1312178186852504,-4.904719122434143,True
6.481931354952673,0.15362725450982917,-0.8135317307027635,-9.998897200943146,-0.46437069300510214,1.2366174186691292,-5.982850736805192,True
6.012338520606895,0.5248027415323022,-0.28000390490289745,-8.332880864706112,-0.46354822835448284,1.1643380688021299,-5.219852789319678,True
6.7679026513182805,0.6474938905481148,-0.18876432502857746,-8.390446016328323,-0.3507762979662675,1.2123241676476637,-5.787582626080967,True
6.455932100589537,0.8089006324310926,-0.0921048250346674,-8.477475260791973,-0.3910625737926278,1.2367205980797578,-5.838893903002076,True
5.654482925088331,0.6705991092062273,-0.1735370278041223,-8.99987367623756,-0.4237062754181566,1.2029460885315197,-6.395278087820464,True
5.2033424355456415,1.2582651022604454,0.09977215169704476,-7.325500611918482,-0.38937079210665654,1.1472388130800555,-5.413933531079257,True
6.233835942136063,1.9047054946380826,0.2798278346356995,-7.930117564044672,-0.33812946864114307,1.068275255687261,-6.12120708092801,True
7.722858042867625,1.955369601781575,0.2912288593497908,-8.30073009303738,-0.445765046795399,1.0447296059221598,-5.162405327625937,True
7.709498178084656,0.3102837937220151,-0.5082409072418244,-8.782553925241462,-0.3919301038694855,1.2376575061713548,-5.131941329731951,True
5.624772486659108,0.49336996188581067,-0.30682729543070897,-8.557452750233908,-0.3768299397491578,1.215824211353252,-6.064822018494743,True
6.253495322520744,1.3783469547104121,0.1393585510622553,-7.9094222383725175,-0.3773981377583417,1.0649698694654657,-5.697777407106354,True
6.942496788974404,0.4239687464022708,-0.37266615700469574,-8.481859895959897,-0.47231972919407533,1.0297265333989973,-4.819037462693197,True
7.457527815120095,1.6569041108928193,0.2192973754590933,-8.721224196301334,-0.4701906275416944,1.2009643454167613,-5.478132841970218,True
6.601647916297551,1.0483760730453662,0.02051710053959005,-6.886714346123457,-0.3936743379618737,1.183269654076538,-4.312092235675769,True
5.2150098873196,0.16757175207534267,-0.7757991894751948,-9.09499780894669,-0.4082197321459468,1.0997107267335715,-6.112973179149537,True
6.0961619716413455,0.9668805585432378,-0.01462717221425189,-8.140087900055036,-0.4471259524793792,1.248486515774926,-5.396073844742918,True
7.332232922150306,1.3788888191782653,0.13952925010336473,-8.636144915000784,-0.41782660513842795,1.2316833741055642,-5.744398782608238,True
7.469231644499432,0.7484095147365415,-0.12586069983142142,-7.927769954459148,-0.4254352839277208,1.2716124485215097,-4.590049236374351,True
5.583681736972756,0.17829304272791782,-0.7488656033407729,-9.083018838380731,-0.45788145373518263,1.0290801719589684,-5.755711783600977,True
7.472005142082608,1.813237169121695,0.2584546129782006,-8.328416318523889,-0.41679272010087165,1.0761686059653435,-5.492279711301641,True
6.076886111345743,0.8328392474490063,-0.07943881694023726,-7.87660369649016,-0.35114520067932153,1.1461807232168775,-5.6516830627642225,True
5.276128117006399,1.2015233771063458,0.07973222495225606,-6.893928719835868,-0.34639583428899057,1.061921516487504,-5.150969284164058,True
7.374303563734188,1.6885755619460079,0.22752049961871412,-9.051956998732514,-0.41325861988065116,0.9983479817011064,-6.231607116992727,True
5.079906066010065,0.7168278548106659,-0.144585127012889,-8.385231769290943,-0.44380440783337527,1.1413473589615437,-5.965725212954895,True
6.412957882912403,0.1668456411787001,-0.7776851347494659,-9.072732429147315,-0.41080669970249095,1.048059540040342,-5.62318604131526,True
7.02810114273716,0.2481274128267367,-0.6053252527301188,-8.45392515096435,-0.38745130693642127,1.0640715110140775,-5.086768821601966,True
6.31319201954846,1.3158740586607378,0.11921432526118836,-9.277069122334204,-0.44242059663140365,1.0064425045911207,-6.60396530649597,True
6.259795100772958,0.4899772839254033,-0.3098240540419621,-8.569337348331075,-0.3966456917605889,1.2295433706994516,-5.705474478574917,True
6.709922561626504,0.9223345189065366,-0.03511153733414686,-8.19755333204136,-0.440034923358482,1.2215021727249717,-5.202064252753319,True
6.554596588384859,1.5127137984914898,0.1797567684109385,-7.489034698764579,-0.39524774645501015,1.2068502395316694,-5.115284667297945,True
5.4554644696686205,1.1754765206551592,0.07021395881039162,-7.400854111475089,-0.49409020881420235,1.1750283787311544,-4.787865926663329,True
5.335040986954661,0.8564317098519267,-0.06730726108945875,-7.821690789866205,-0.3851469554868398,0.9862581582363938,-5.700533660985086,True
6.41560972431813,0.9541160588511419,-0.020398794422798065,-8.572517139073677,-0.41952860059804664,1.134179901873574,-5.8578494667904835,True
5.772821155917803,0.4394874185174637,-0.3570535532333278,-8.808760398182326,-0.44737151590491453,1.1252220185180501,-5.82440012672317,True
5.86155387516771,1.0246733731590618,0.01058545091294026,-8.59024698082617,-0.35338858978281396,1.1527021806501982,-6.531042595295175,True
6.480746879107468,1.6624273111126855,0.22074266505917048,-7.798271062099676,-0.3980023923311537,0.925918021634938,-5.423307911844256,True
5.432420961866231,1.144914806411865,0.058773171844687735,-7.684890728090258,-0.3875187700576937,1.0794225580496541,-5.6431667260095075,True
5.357501998320797,1.7580468960662732,0.2450304557384136,-8.104764123660974,-0.5011330163087562,1.0914450272438108,-5.6873802598012615,True
5.86394187114568,1.2666949606518514,0.10267204277956796,-7.776642944990259,-0.34311899506312715,1.2402293306117258,-5.891949981943202,True
7.225801448147991,1.222586560582833,0.08727961745016616,-9.192899761221208,-0.44935149543233505,1.2760738577551345,-6.057350312941801,True
7.04316565302058,1.7887297783554963,0.2525447370832687,-7.465264812249923,-0.35477801846410145,1.0579897186045952,-5.233694193478661,True
7.643812022111534,1.0282689550152195,0.012106723999485758,-8.115533540389826,-0.43208275605673363,1.049739646603497,-4.825483083269026,True
5.8383297699937495,0.90166302197079,-0.04495574077560278,-8.805624284207049,-0.37365747075523387,1.0925874102974953,-6.574970672524177,True
7.415827014105522,1.9367137028772603,0.28706542533950663,-9.182839499039403,-0.4665370790098379,1.2457136802945645,-6.080682552921366,True
7.206251957350116,1.3573481473016273,0.13269125448348273,-9.269051364746742,-0.45768830780180436,1.167430394533265,-6.125741904366493,True
6.69515344326953,0.5445366255831884,-0.2639729042392733,-8.171503673082121,-0.40412547478868327,1.093416674273477,-5.177189233986117,True
6.331665860431199,1.656819064466493,0.21927508319645542,-7.950655105339061,-0.30938100913432665,0.998550573182093,-6.210715191947864,True
7.675503297096726,1.9684898025057815,0.2941331693284635,-9.399184993847214,-0.4531701135555598,0.9458990250632157,-6.199096571212365,True
5.563136841843454,1.4367555093782998,0.15738287115322558,-7.825884892002801,-0.45218269940837147,1.0584686654897317,-5.4769154952803625,True
6.879624317399598,1.2862745696742337,0.10933368349218466,-7.197790262597043,-0.352062446448047,1.096870769481429,-4.895657816312177,True
6.182014837964164,0.1900011500078042,-0.7212437704127919,-9.026641528120425,-0.4330038270892939,1.52589192111886,-5.249265401728957,True
5.873956873997307,0.3818673757020508,-0.4180874433752896,-8.403296190045916,-0.41022327887048776,1.059374451301797,-5.550751185329031,True
5.108243770028816,0.1630790899937147,-0.7876017206428074,-7.532575387718862,-0.33801989358675694,1.0312148997090336,-4.9937007427951725,True
7.494376880219735,1.6410265375523942,0.21511560422151457,-8.060469480786097,-0.43068511455857245,1.3035515591640885,-5.113167196867025,True
6.432246099720655,0.6113923801303154,-0.2136799782497381,-7.495000807258494,-0.2793086033456484,1.1362019201868563,-5.455635531177185,True
5.492305953626156,1.2025733503311518,0.08011157541804075,-8.39853683707658,-0.44995207336887433,1.0763781405910504,-6.01349273425457,True
6.658229762639424,1.2679303843928995,0.10309540929966379,-8.057195771248203,-0.3756626054561599,1.3429981128014774,-5.694404771017272,True
7.258718540294355,0.6486555450868898,-0.18798586495711428,-8.849799956162718,-0.42314610993263757,1.1841287991501912,-5.55570196621237,True
6.194607496095058,0.28877144965099566,-0.5394457469471207,-8.958049424399924,-0.4153294993239548,0.9472502327403495,-5.8742560851918935,True
5.6478765209336625,0.2147108571682323,-0.6681459942734175,-8.664083475620552,-0.43973864072348856,1.2444503673789378,-5.349019403294759,True
5.59683069874055,0.5285786627851536,-0.276890372081528,-7.983116500504272,-0.4140512638036897,1.083256035332758,-5.3657985097126115,True
7.612839306958842,1.582414812309221,0.1993203395172921,-8.286967541650544,-0.37758253418018217,0.9435560413645433,-5.600562294340896,True
7.5897491268825545,1.3074438336388714,0.11642304112275965,-8.655998844732874,-0.3994363897289896,1.0869126867234338,-5.7509185349654075,True
6.3984825932462055,0.3543872954883095,-0.45052185562872366,-9.215183921371041,-0.4672566694003369,0.9111882561966342,-5.814940031625981,True
6.739684220649108,1.6339558576228428,0.21324031960779766,-8.538031992410819,-0.40898142258581505,1.0425427939036138,-6.00393851064739,True
6.671146241077111,1.6533144937561,0.21835547299772232,-8.104299547459837,-0.35793286813223923,1.1790548149235418,-5.973930111464372,True
6.679398959371166,0.16844837211362712,-0.7735331816878181,-9.128291788506699,-0.42770768366999673,1.2269557056491252,-5.322370580505481,True
7.083997910970721,1.3707969689638173,0.1369731354691337,-8.633721707001616,-0.4002062000380854,1.2687681585996167,-5.972448974841078,True
5.106502156964226,0.981884540161637,-0.007939577914434344,-8.058326516925478,-0.4665933064026688,0.8907597771324802,-5.668594534701592,True
6.299298117411523,0.6859367439164843,-0.16371593244876126,-8.178005198510961,-0.34080869811440795,1.2341765663809987,-5.829095240709923,True
5.499028462718301,0.835918292032394,-0.07783617118979062,-6.482147099347208,-0.3723694103664844,0.9445568279045558,-4.360956426141015,True
6.563182744566631,0.9021276039174446,-0.04473202813690769,-6.989411485485769,-0.3833955153385689,1.1430788432113586,-4.421984419894208,True
6.880680847063862,0.4464632290626943,-0.3502143040156873,-7.6909408179551715,-0.2972147048609356,1.146272602152822,-5.244460229177593,True
6.157911911597024,0.6956190090258227,-0.15762855863852895,-8.2609950264324,-0.4346476157866123,1.1539979076511093,-5.402570268977852,True
5.677076174431176,0.19711860682165913,-0.705272378974901,-9.145372770098218,-0.4772016866223129,1.3122248645212586,-5.510786492625388,True
7.384884221061226,0.595729306257025,-0.22495103472968112,-8.960133325892498,-0.36054714050224274,1.1993039066231512,-6.027749782298514,True
6.307622016222507,0.2785036348267945,-0.5551691323576914,-7.897821709580463,-0.3094084263607377,1.0137370961343966,-5.3833947633629755,True
6.322880192642306,1.5656394582837139,0.19469175816536222,-8.674046640609108,-0.45559766722602146,1.2161544979962777,-6.030132432107265,True
7.400146360454228,0.6697458238850729,-0.17408998569933257,-8.496791412165955,-0.42220755032389773,1.143228069976403,-5.173369186927,True
5.919711877030661,0.5120086467683904,-0.29072270462555805,-8.488620559190815,-0.4072859768944285,1.237350078247292,-5.717879163104133,True
5.871103158108244,1.0855883956129886,0.035665192289686495,-9.010420641953601,-0.44173307816704516,0.9526418603113398,-6.450936326817396,True
7.583765864616593,1.9241296500150504,0.2842343319372838,-8.702473035373146,-0.4724189383114494,1.3489364493786968,-5.50317246772337,True
6.175879314615072,1.1541432833386815,0.06225972849087619,-8.211250964734571,-0.44694358711284665,1.2787775346739396,-5.530597652393513,True
5.291541736849333,0.8865880418099379,-0.052278130707540595,-7.686141137338884,-0.4096058094650395,1.0023463614181432,-5.466294106802227,True
6.138664568732448,0.9617020403174237,-0.016959462567126167,-8.69346007175974,-0.40078822662657043,1.1350194940634057,-6.213906264779574,True
6.607795964652469,1.1695404898813693,0.06801526182508369,-7.8021977312046324,-0.4329677236487408,1.158216068824554,-5.0200117232248385,True
7.55290107621564,0.7071946873111645,-0.1504610105517025,-8.683165341111296,-0.31846932840057823,1.205096179375908,-6.096478018932002,True
7.432891741205525,1.0558680452826248,0.023609646619775364,-8.605084738363672,-0.4203784597154629,1.3634804207724427,-5.512648447871328,True
6.340894359676815,1.8553489214139347,0.26842559610460115,-7.600426435504982,-0.41846679711421375,1.2345644681916,-5.278361385275332,True
5.3745002839538545,0.8220874847719084,-0.08508196332127461,-8.547781208534293,-0.4425054494605275,0.9614378743625387,-6.087734522795363,True
7.677680002340571,1.5602395007149967,0.1931912687745466,-8.69770132795806,-0.48451034347840716,1.111604994185262,-5.192538332109504,True
5.492934518705559,1.775819061427049,0.2493987133418175,-7.326026661495709,-0.3903018725569938,1.3499282782373736,-5.518794408708115,True
7.357941972773827,1.6736361813532594,0.22366105604486317,-8.018456335018739,-0.41772025085473946,1.2718009972938094,-5.229347322510683,True
6.863437667203447,1.9813357472591622,0.2969580751482814,-8.256901387903508,-0.36953480017084733,1.2651086234180586,-6.096306542732133,True
7.468354442846691,0.8138845191488602,-0.08943721213081425,-7.859033487562956,-0.40845328924899826,1.2375699515270493,-4.69787474382341,True
6.80623809469904,1.4252040447292997,0.15387704620853385,-7.883849245262649,-0.39712953687565405,1.099694929066323,-5.350108870264615,True
6.149310111422149,0.5469088150928012,-0.26208507659737046,-8.4937651736014,-0.4860460951647906,1.2549952975488425,-5.176001467299872,True
6.845251220559458,0.5017153499842425,-0.29954261152661704,-8.220696787562664,-0.4635658013244559,1.0535813806465482,-4.731879902022124,True
5.193215642217565,0.9577058739717874,-0.018767848879768585,-6.6818292200153175,-0.39395249609159794,1.0492741602652718,-4.6162563361484725,True
5.517215076063746,1.0822796488386526,0.03433949206029041,-6.98297583000169,-0.49923525679578373,0.9953700185031789,-4.262768045552877,True
7.740998397725718,0.6131799554563686,-0.21241205045330286,-10.649420815262333,-0.47609700294454993,1.0158824127293564,-6.7481690119992646,True
7.434256414529068,0.9792246225657244,-0.009117674743060435,-7.4864880402669485,-0.31121865843051366,1.1810436444849823,-5.162040360700999,True
6.846407262394644,0.15468313115582266,-0.8105570453529647,-9.245338203663039,-0.4608727510681146,1.1329449162080727,-5.171699169881222,True
7.181912591627261,0.5794541519834221,-0.23698092092266876,-9.036696524507892,-0.35590486483985556,1.0630357632236704,-6.228699700150657,True
6.423218048118369,0.7239235904327332,-0.14030727082585437,-8.95145995653953,-0.40461167478220394,1.3432434663594146,-6.164084119779527,True
7.764275490417733,1.9313471891428124,0.28586035186089404,-7.9111780941328504,-0.3620926868787668,1.2535828225672676,-5.458140346886391,True
5.73952029990149,1.8202707423019382,0.26013598861304454,-9.354353797029216,-0.4185633058083382,0.9325029427548115,-7.194578781446479,True
5.803692185528842,1.6429997741060878,0.21563750372447968,-6.688794643950706,-0.3555698922467999,1.1376423363847983,-4.870494792457923,True
6.212973541167089,0.16887219702113038,-0.7724418464279948,-8.52196121178332,-0.37286744972907987,1.13519559610478,-5.328473029941993,True
5.497087775391676,0.6700899527291055,-0.17386689378923112,-7.613877425811182,-0.31417251865752777,1.1353797882250294,-5.689438557085112,True
6.297113548567252,0.7284180317004327,-0.13761931195582575,-8.014539899497072,-0.4300244571680815,1.0941320516566482,-5.156053363910864,True
7.149279692450637,1.8781831469359431,0.27373793927485307,-7.165538438070893,-0.36887110511694476,1.2657107713747622,-4.874848795400608,True
5.728989357302176,0.19718920883830893,-0.7051168554709167,-8.250139593060284,-0.4924919917039705,1.0254430884606665,-4.705601008031915,True
7.2854170005598835,1.2929650926305798,0.11158679999055614,-8.824122456966636,-0.4761260993590031,1.211368005484831,-5.490517957629285,True
7.498759886789432,0.2493448196002688,-0.6031996502745266,-9.102759547962089,-0.3650360547317165,1.107321739269429,-5.697505737639321,True
5.905290368883152,0.6031464594724609,-0.2195772171841686,-9.497060218190263,-0.3745562880615595,1.0685896607989747,-7.050558633665698,True
6.56736285384425,0.719457742549181,-0.14299470932523323,-8.606310293368724,-0.34144632146556386,1.123134486003506,-6.2033061158348,True
6.0625676345732185,1.5441920807290441,0.18870132087811267,-7.895732979594339,-0.4766054387444756,1.2314732924992802,-5.238660909121245,True
5.729762427533252,1.544006164238095,0.18864902986580917,-7.365498194490226,-0.488457878132218,1.0279037407870761,-4.760663640430545,True
6.3319428884842175,1.2893225103953798,0.11036156511584211,-8.324572456220707,-0.5092082263379939,1.181091918679742,-5.230642201393355,True
7.175776051922711,0.7738289566021443,-0.11135502305463889,-10.154069649268685,-0.47002097742587734,1.0542818296391885,-6.663904798109209,True
6.620979530247107,1.1668651089784396,0.06702065397828257,-7.5056702064317005,-0.40160441052022566,1.1069431573680313,-4.920843679443921,True
5.640151520077422,0.7263200816732724,-0.1388719480741518,-7.866066188774507,-0.43581009636310575,1.1710480842304525,-5.245405482561462,True
7.2179929327493,1.6953899908382035,0.22926961486200736,-8.713273664945767,-0.444374765315632,1.0177537708063222,-5.739119764462527,True
7.746186984280706,0.34137853627358333,-0.46676378805719226,-10.538829078142024,-0.45081653444089526,1.2455338919762544,-6.465349789184972,True
7.680894160131148,1.390530667882532,0.14318057158585357,-9.436357500968624,-0.5403514253325787,1.183385483306566,-5.4554132036193135,True
5.338102972953363,0.6383541567296518,-0.19493830930492265,-7.947064853837833,-0.43651463204414237,1.1754082464079485,-5.387772702487523,True
7.379514219625749,1.8484242827448467,0.26680166520958754,-8.719867657970426,-0.4116824757581908,1.0424503611906646,-5.959978466406129,True
6.056757506771999,1.355777101345227,0.1321882945362557,-8.211132710334219,-0.3944268008763801,1.225313031661966,-5.984157263182583,True
5.268218103191323,0.836090410483693,-0.07774675766725996,-9.661320090822022,-0.4986065469517803,1.1555736324934665,-6.944709950628794,True
6.005937168291916,0.15765923159559064,-0.8022805944457726,-8.664953280200612,-0.381045919244335,1.2194608703002967,-5.3980656390572195,True
6.5981281529322375,1.5993417611171274,0.20394127744717616,-7.546386515226455,-0.36609253462320623,1.1749919480172224,-5.370490414819536,True
6.289784075671744,1.783372961243566,0.25124217776410634,-8.44651627482282,-0.5011795160553457,1.1049428552310319,-5.57181358493817,True
5.869039720495662,0.6502937753730895,-0.18689040304893242,-9.030552872028649,-0.4763763773005786,1.2179910777654537,-6.0070501483121355,True
5.357896023486982,0.3495468952578612,-0.4564945510041961,-8.881822295916752,-0.4792368723492405,1.1352558476501715,-5.795882854800465,True
6.827449850386846,1.817965888805335,0.25958573012764474,-7.799434531259262,-0.4327746495998363,1.1984733889267574,-5.1557939043007455,True
5.92433717768844,0.9094271408899339,-0.04123208887860891,-7.42698143846385,-0.3338222565576673,1.248230280053617,-5.397838691351271,True
5.953998473124397,1.9817956917292798,0.29705887995343405,-7.525286297851187,-0.3419666512656152,1.1896810930352753,-5.842622711355087,True
5.346957378229408,1.5079748590939395,0.17839410105113684,-6.643028538653034,-0.3703629000770012,1.0757126736720897,-4.854614692872919,True
6.689052227030988,0.6364004029318456,-0.19626955405527735,-8.330595151818752,-0.32475048779719806,0.8542084069758985,-5.990667075082076,True
6.609123766164058,1.3166494183814779,0.11947015162770029,-8.691459353599821,-0.4484292005652596,1.1368981031274443,-5.8635606554678965,True
5.657615114289338,1.233074896788171,0.09098945637995258,-8.336667190466477,-0.4072943926466114,0.9900193672237227,-6.122433602693023,True
7.688466068104116,0.665303740929041,-0.1769800345574499,-8.22634513343415,-0.4061062749745132,0.9522740273182903,-4.935477327985492,True
6.0292582021659555,0.387920391681019,-0.4112573903876358,-8.156005698630905,-0.35198949043121913,1.2252114372586722,-5.529892918012176,True
5.4587081972972635,0.6927069309944371,-0.15945046693573361,-7.066826463982055,-0.380344639847823,1.140959350374805,-4.808709559474715,True
7.3089417036849635,1.2311665542473333,0.09031680898138121,-8.82852356449184,-0.41438672163452306,0.9512081334325129,-5.885705256572743,True
7.618224089117499,0.593340303195016,-0.2266961508017409,-9.382994611481159,-0.5031019439473999,1.5277633947002367,-5.203913181904889,True
5.148141548621316,1.4552274180361304,0.16293086870359946,-7.643921929726626,-0.4735412299484195,0.8153352473046558,-5.338907928971938,True
